{
  "fio version" : "fio-3.36",
  "timestamp" : 1765152747,
  "timestamp_ms" : 1765152747464,
  "time" : "Mon Dec  8 00:12:27 2025",
  "jobs" : [
    {
      "jobname" : "test",
      "groupid" : 0,
      "job_start" : 1765152737448,
      "error" : 0,
      "eta" : 0,
      "elapsed" : 11,
      "job options" : {
        "name" : "test",
        "filename" : "./testfile",
        "rw" : "randrw",
        "filesize" : "100M",
        "bs" : "128k",
        "numjobs" : "1",
        "iodepth" : "1",
        "direct" : "1",
        "runtime" : "10"
      },
      "read" : {
        "io_bytes" : 1289224192,
        "io_kbytes" : 1259008,
        "bw_bytes" : 128909528,
        "bw" : 125888,
        "iops" : 983.501650,
        "runtime" : 10001,
        "total_ios" : 9836,
        "short_ios" : 0,
        "drop_ios" : 0,
        "slat_ns" : {
          "min" : 0,
          "max" : 0,
          "mean" : 0.000000,
          "stddev" : 0.000000,
          "N" : 0
        },
        "clat_ns" : {
          "min" : 182407,
          "max" : 19444890,
          "mean" : 784053.276230,
          "stddev" : 1141038.240406,
          "N" : 9836,
          "percentile" : {
            "1.000000" : 193536,
            "5.000000" : 358400,
            "10.000000" : 378880,
            "20.000000" : 399360,
            "30.000000" : 419840,
            "40.000000" : 440320,
            "50.000000" : 464896,
            "60.000000" : 497664,
            "70.000000" : 544768,
            "80.000000" : 626688,
            "90.000000" : 905216,
            "95.000000" : 3260416,
            "99.000000" : 6062080,
            "99.500000" : 6717440,
            "99.900000" : 10420224,
            "99.950000" : 12517376,
            "99.990000" : 19529728
          }
        },
        "lat_ns" : {
          "min" : 182459,
          "max" : 19444985,
          "mean" : 784135.665006,
          "stddev" : 1141040.302831,
          "N" : 9836
        },
        "bw_min" : 114176,
        "bw_max" : 133876,
        "bw_agg" : 99.933107,
        "bw_mean" : 125804.000000,
        "bw_dev" : 5238.158794,
        "bw_samples" : 19,
        "iops_min" : 892,
        "iops_max" : 1045,
        "iops_mean" : 982.736842,
        "iops_stddev" : 40.813726,
        "iops_samples" : 19
      },
      "write" : {
        "io_bytes" : 1286733824,
        "io_kbytes" : 1256576,
        "bw_bytes" : 128660516,
        "bw" : 125645,
        "iops" : 981.601840,
        "runtime" : 10001,
        "total_ios" : 9817,
        "short_ios" : 0,
        "drop_ios" : 0,
        "slat_ns" : {
          "min" : 0,
          "max" : 0,
          "mean" : 0.000000,
          "stddev" : 0.000000,
          "N" : 0
        },
        "clat_ns" : {
          "min" : 181408,
          "max" : 6216021,
          "mean" : 228993.901497,
          "stddev" : 97115.284164,
          "N" : 9817,
          "percentile" : {
            "1.000000" : 183296,
            "5.000000" : 185344,
            "10.000000" : 187392,
            "20.000000" : 189440,
            "30.000000" : 191488,
            "40.000000" : 195584,
            "50.000000" : 199680,
            "60.000000" : 211968,
            "70.000000" : 236544,
            "80.000000" : 257024,
            "90.000000" : 276480,
            "95.000000" : 329728,
            "99.000000" : 585728,
            "99.500000" : 700416,
            "99.900000" : 1089536,
            "99.950000" : 1220608,
            "99.990000" : 6193152
          }
        },
        "lat_ns" : {
          "min" : 183108,
          "max" : 6217510,
          "mean" : 231185.378221,
          "stddev" : 97242.735867,
          "N" : 9817
        },
        "bw_min" : 115456,
        "bw_max" : 137964,
        "bw_agg" : 100.000000,
        "bw_mean" : 125791.578947,
        "bw_dev" : 6269.156184,
        "bw_samples" : 19,
        "iops_min" : 902,
        "iops_max" : 1077,
        "iops_mean" : 982.684211,
        "iops_stddev" : 48.905865,
        "iops_samples" : 19
      },
      "trim" : {
        "io_bytes" : 0,
        "io_kbytes" : 0,
        "bw_bytes" : 0,
        "bw" : 0,
        "iops" : 0.000000,
        "runtime" : 0,
        "total_ios" : 0,
        "short_ios" : 0,
        "drop_ios" : 0,
        "slat_ns" : {
          "min" : 0,
          "max" : 0,
          "mean" : 0.000000,
          "stddev" : 0.000000,
          "N" : 0
        },
        "clat_ns" : {
          "min" : 0,
          "max" : 0,
          "mean" : 0.000000,
          "stddev" : 0.000000,
          "N" : 0
        },
        "lat_ns" : {
          "min" : 0,
          "max" : 0,
          "mean" : 0.000000,
          "stddev" : 0.000000,
          "N" : 0
        },
        "bw_min" : 0,
        "bw_max" : 0,
        "bw_agg" : 0.000000,
        "bw_mean" : 0.000000,
        "bw_dev" : 0.000000,
        "bw_samples" : 0,
        "iops_min" : 0,
        "iops_max" : 0,
        "iops_mean" : 0.000000,
        "iops_stddev" : 0.000000,
        "iops_samples" : 0
      },
      "sync" : {
        "total_ios" : 0,
        "lat_ns" : {
          "min" : 0,
          "max" : 0,
          "mean" : 0.000000,
          "stddev" : 0.000000,
          "N" : 0
        }
      },
      "job_runtime" : 10000,
      "usr_cpu" : 0.000000,
      "sys_cpu" : 21.780000,
      "ctx" : 19114,
      "majf" : 0,
      "minf" : 11,
      "iodepth_level" : {
        "1" : 100.000000,
        "2" : 0.000000,
        "4" : 0.000000,
        "8" : 0.000000,
        "16" : 0.000000,
        "32" : 0.000000,
        ">=64" : 0.000000
      },
      "iodepth_submit" : {
        "0" : 0.000000,
        "4" : 100.000000,
        "8" : 0.000000,
        "16" : 0.000000,
        "32" : 0.000000,
        "64" : 0.000000,
        ">=64" : 0.000000
      },
      "iodepth_complete" : {
        "0" : 0.000000,
        "4" : 100.000000,
        "8" : 0.000000,
        "16" : 0.000000,
        "32" : 0.000000,
        "64" : 0.000000,
        ">=64" : 0.000000
      },
      "latency_ns" : {
        "2" : 0.000000,
        "4" : 0.000000,
        "10" : 0.000000,
        "20" : 0.000000,
        "50" : 0.000000,
        "100" : 0.000000,
        "250" : 0.000000,
        "500" : 0.000000,
        "750" : 0.000000,
        "1000" : 0.000000
      },
      "latency_us" : {
        "2" : 0.000000,
        "4" : 0.000000,
        "10" : 0.000000,
        "20" : 0.000000,
        "50" : 0.000000,
        "100" : 0.000000,
        "250" : 37.973846,
        "500" : 41.693380,
        "750" : 13.926627,
        "1000" : 1.668956
      },
      "latency_ms" : {
        "2" : 0.783595,
        "4" : 2.162520,
        "10" : 1.740192,
        "20" : 0.050883,
        "50" : 0.000000,
        "100" : 0.000000,
        "250" : 0.000000,
        "500" : 0.000000,
        "750" : 0.000000,
        "1000" : 0.000000,
        "2000" : 0.000000,
        ">=2000" : 0.000000
      },
      "latency_depth" : 1,
      "latency_target" : 0,
      "latency_percentile" : 100.000000,
      "latency_window" : 0
    }
  ],
  "disk_util" : [
    {
      "name" : "sda",
      "read_ios" : 9733,
      "write_ios" : 9719,
      "read_sectors" : 2491648,
      "write_sectors" : 2487120,
      "read_merges" : 0,
      "write_merges" : 6,
      "read_ticks" : 6820,
      "write_ticks" : 1455,
      "in_queue" : 8285,
      "util" : 70.829161
    }
  ]
}
