{
  "fio version" : "fio-3.36",
  "timestamp" : 1765152757,
  "timestamp_ms" : 1765152757733,
  "time" : "Mon Dec  8 00:12:37 2025",
  "jobs" : [
    {
      "jobname" : "test",
      "groupid" : 0,
      "job_start" : 1765152747721,
      "error" : 0,
      "eta" : 0,
      "elapsed" : 11,
      "job options" : {
        "name" : "test",
        "filename" : "./testfile",
        "rw" : "randrw",
        "filesize" : "100M",
        "bs" : "128k",
        "numjobs" : "1",
        "iodepth" : "1",
        "direct" : "1",
        "runtime" : "10"
      },
      "read" : {
        "io_bytes" : 1278083072,
        "io_kbytes" : 1248128,
        "bw_bytes" : 127782750,
        "bw" : 124787,
        "iops" : 974.905019,
        "runtime" : 10002,
        "total_ios" : 9751,
        "short_ios" : 0,
        "drop_ios" : 0,
        "slat_ns" : {
          "min" : 0,
          "max" : 0,
          "mean" : 0.000000,
          "stddev" : 0.000000,
          "N" : 0
        },
        "clat_ns" : {
          "min" : 182949,
          "max" : 52131954,
          "mean" : 794135.337709,
          "stddev" : 1321287.342501,
          "N" : 9751,
          "percentile" : {
            "1.000000" : 197632,
            "5.000000" : 362496,
            "10.000000" : 378880,
            "20.000000" : 403456,
            "30.000000" : 419840,
            "40.000000" : 440320,
            "50.000000" : 460800,
            "60.000000" : 497664,
            "70.000000" : 544768,
            "80.000000" : 618496,
            "90.000000" : 913408,
            "95.000000" : 3293184,
            "99.000000" : 6062080,
            "99.500000" : 6848512,
            "99.900000" : 9633792,
            "99.950000" : 20316160,
            "99.990000" : 52166656
          }
        },
        "lat_ns" : {
          "min" : 182992,
          "max" : 52131987,
          "mean" : 794201.339145,
          "stddev" : 1321290.542086,
          "N" : 9751
        },
        "bw_min" : 96256,
        "bw_max" : 137708,
        "bw_agg" : 100.000000,
        "bw_mean" : 124804.789474,
        "bw_dev" : 9222.134861,
        "bw_samples" : 19,
        "iops_min" : 752,
        "iops_max" : 1075,
        "iops_mean" : 974.894737,
        "iops_stddev" : 71.901085,
        "iops_samples" : 19
      },
      "write" : {
        "io_bytes" : 1275330560,
        "io_kbytes" : 1245440,
        "bw_bytes" : 127507554,
        "bw" : 124519,
        "iops" : 972.805439,
        "runtime" : 10002,
        "total_ios" : 9730,
        "short_ios" : 0,
        "drop_ios" : 0,
        "slat_ns" : {
          "min" : 0,
          "max" : 0,
          "mean" : 0.000000,
          "stddev" : 0.000000,
          "N" : 0
        },
        "clat_ns" : {
          "min" : 181377,
          "max" : 3592970,
          "mean" : 227916.201336,
          "stddev" : 84284.481321,
          "N" : 9730,
          "percentile" : {
            "1.000000" : 183296,
            "5.000000" : 185344,
            "10.000000" : 187392,
            "20.000000" : 189440,
            "30.000000" : 191488,
            "40.000000" : 193536,
            "50.000000" : 199680,
            "60.000000" : 209920,
            "70.000000" : 238592,
            "80.000000" : 257024,
            "90.000000" : 276480,
            "95.000000" : 321536,
            "99.000000" : 569344,
            "99.500000" : 692224,
            "99.900000" : 1056768,
            "99.950000" : 1171456,
            "99.990000" : 3588096
          }
        },
        "lat_ns" : {
          "min" : 182536,
          "max" : 3593951,
          "mean" : 230135.538746,
          "stddev" : 84641.713841,
          "N" : 9730
        },
        "bw_min" : 99328,
        "bw_max" : 135680,
        "bw_agg" : 100.000000,
        "bw_mean" : 124860.578947,
        "bw_dev" : 7881.637374,
        "bw_samples" : 19,
        "iops_min" : 776,
        "iops_max" : 1060,
        "iops_mean" : 975.421053,
        "iops_stddev" : 61.528057,
        "iops_samples" : 19
      },
      "trim" : {
        "io_bytes" : 0,
        "io_kbytes" : 0,
        "bw_bytes" : 0,
        "bw" : 0,
        "iops" : 0.000000,
        "runtime" : 0,
        "total_ios" : 0,
        "short_ios" : 0,
        "drop_ios" : 0,
        "slat_ns" : {
          "min" : 0,
          "max" : 0,
          "mean" : 0.000000,
          "stddev" : 0.000000,
          "N" : 0
        },
        "clat_ns" : {
          "min" : 0,
          "max" : 0,
          "mean" : 0.000000,
          "stddev" : 0.000000,
          "N" : 0
        },
        "lat_ns" : {
          "min" : 0,
          "max" : 0,
          "mean" : 0.000000,
          "stddev" : 0.000000,
          "N" : 0
        },
        "bw_min" : 0,
        "bw_max" : 0,
        "bw_agg" : 0.000000,
        "bw_mean" : 0.000000,
        "bw_dev" : 0.000000,
        "bw_samples" : 0,
        "iops_min" : 0,
        "iops_max" : 0,
        "iops_mean" : 0.000000,
        "iops_stddev" : 0.000000,
        "iops_samples" : 0
      },
      "sync" : {
        "total_ios" : 0,
        "lat_ns" : {
          "min" : 0,
          "max" : 0,
          "mean" : 0.000000,
          "stddev" : 0.000000,
          "N" : 0
        }
      },
      "job_runtime" : 10001,
      "usr_cpu" : 0.000000,
      "sys_cpu" : 21.497850,
      "ctx" : 18903,
      "majf" : 0,
      "minf" : 11,
      "iodepth_level" : {
        "1" : 100.000000,
        "2" : 0.000000,
        "4" : 0.000000,
        "8" : 0.000000,
        "16" : 0.000000,
        "32" : 0.000000,
        ">=64" : 0.000000
      },
      "iodepth_submit" : {
        "0" : 0.000000,
        "4" : 100.000000,
        "8" : 0.000000,
        "16" : 0.000000,
        "32" : 0.000000,
        "64" : 0.000000,
        ">=64" : 0.000000
      },
      "iodepth_complete" : {
        "0" : 0.000000,
        "4" : 100.000000,
        "8" : 0.000000,
        "16" : 0.000000,
        "32" : 0.000000,
        "64" : 0.000000,
        ">=64" : 0.000000
      },
      "latency_ns" : {
        "2" : 0.000000,
        "4" : 0.000000,
        "10" : 0.000000,
        "20" : 0.000000,
        "50" : 0.000000,
        "100" : 0.000000,
        "250" : 0.000000,
        "500" : 0.000000,
        "750" : 0.000000,
        "1000" : 0.000000
      },
      "latency_us" : {
        "2" : 0.000000,
        "4" : 0.000000,
        "10" : 0.000000,
        "20" : 0.000000,
        "50" : 0.000000,
        "100" : 0.000000,
        "250" : 38.001129,
        "500" : 41.809969,
        "750" : 13.916123,
        "1000" : 1.483497
      },
      "latency_ms" : {
        "2" : 0.846979,
        "4" : 2.099482,
        "10" : 1.796622,
        "20" : 0.020533,
        "50" : 0.020533,
        "100" : 0.010000,
        "250" : 0.000000,
        "500" : 0.000000,
        "750" : 0.000000,
        "1000" : 0.000000,
        "2000" : 0.000000,
        ">=2000" : 0.000000
      },
      "latency_depth" : 1,
      "latency_target" : 0,
      "latency_percentile" : 100.000000,
      "latency_window" : 0
    }
  ],
  "disk_util" : [
    {
      "name" : "sda",
      "read_ios" : 9665,
      "write_ios" : 9648,
      "read_sectors" : 2474240,
      "write_sectors" : 2468944,
      "read_merges" : 0,
      "write_merges" : 6,
      "read_ticks" : 6861,
      "write_ticks" : 1428,
      "in_queue" : 8300,
      "util" : 70.562901
    }
  ]
}
