{
  "fio version" : "fio-3.36",
  "timestamp" : 1765152737,
  "timestamp_ms" : 1765152737186,
  "time" : "Mon Dec  8 00:12:17 2025",
  "jobs" : [
    {
      "jobname" : "test",
      "groupid" : 0,
      "job_start" : 1765152727166,
      "error" : 0,
      "eta" : 0,
      "elapsed" : 11,
      "job options" : {
        "name" : "test",
        "filename" : "./testfile",
        "rw" : "randrw",
        "filesize" : "100M",
        "bs" : "128k",
        "numjobs" : "1",
        "iodepth" : "1",
        "direct" : "1",
        "runtime" : "10"
      },
      "read" : {
        "io_bytes" : 1296957440,
        "io_kbytes" : 1266560,
        "bw_bytes" : 129682775,
        "bw" : 126643,
        "iops" : 989.401060,
        "runtime" : 10001,
        "total_ios" : 9895,
        "short_ios" : 0,
        "drop_ios" : 0,
        "slat_ns" : {
          "min" : 0,
          "max" : 0,
          "mean" : 0.000000,
          "stddev" : 0.000000,
          "N" : 0
        },
        "clat_ns" : {
          "min" : 178934,
          "max" : 65241934,
          "mean" : 782988.269429,
          "stddev" : 1324369.830409,
          "N" : 9895,
          "percentile" : {
            "1.000000" : 193536,
            "5.000000" : 354304,
            "10.000000" : 374784,
            "20.000000" : 391168,
            "30.000000" : 411648,
            "40.000000" : 428032,
            "50.000000" : 448512,
            "60.000000" : 481280,
            "70.000000" : 528384,
            "80.000000" : 602112,
            "90.000000" : 995328,
            "95.000000" : 3325952,
            "99.000000" : 5799936,
            "99.500000" : 6651904,
            "99.900000" : 10420224,
            "99.950000" : 17432576,
            "99.990000" : 65273856
          }
        },
        "lat_ns" : {
          "min" : 178977,
          "max" : 65242059,
          "mean" : 783055.844669,
          "stddev" : 1324373.937324,
          "N" : 9895
        },
        "bw_min" : 87808,
        "bw_max" : 137216,
        "bw_agg" : 100.000000,
        "bw_mean" : 127136.894737,
        "bw_dev" : 10965.062912,
        "bw_samples" : 19,
        "iops_min" : 686,
        "iops_max" : 1072,
        "iops_mean" : 993.105263,
        "iops_stddev" : 85.620542,
        "iops_samples" : 19
      },
      "write" : {
        "io_bytes" : 1294204928,
        "io_kbytes" : 1263872,
        "bw_bytes" : 129407552,
        "bw" : 126374,
        "iops" : 987.301270,
        "runtime" : 10001,
        "total_ios" : 9874,
        "short_ios" : 0,
        "drop_ios" : 0,
        "slat_ns" : {
          "min" : 0,
          "max" : 0,
          "mean" : 0.000000,
          "stddev" : 0.000000,
          "N" : 0
        },
        "clat_ns" : {
          "min" : 178117,
          "max" : 3588110,
          "mean" : 224005.139255,
          "stddev" : 82836.597787,
          "N" : 9874,
          "percentile" : {
            "1.000000" : 179200,
            "5.000000" : 181248,
            "10.000000" : 181248,
            "20.000000" : 183296,
            "30.000000" : 187392,
            "40.000000" : 189440,
            "50.000000" : 193536,
            "60.000000" : 205824,
            "70.000000" : 234496,
            "80.000000" : 250880,
            "90.000000" : 272384,
            "95.000000" : 329728,
            "99.000000" : 569344,
            "99.500000" : 684032,
            "99.900000" : 995328,
            "99.950000" : 1155072,
            "99.990000" : 3588096
          }
        },
        "lat_ns" : {
          "min" : 179066,
          "max" : 3589767,
          "mean" : 226194.604719,
          "stddev" : 83059.941286,
          "N" : 9874
        },
        "bw_min" : 91392,
        "bw_max" : 137472,
        "bw_agg" : 100.000000,
        "bw_mean" : 126989.947368,
        "bw_dev" : 9247.134069,
        "bw_samples" : 19,
        "iops_min" : 714,
        "iops_max" : 1074,
        "iops_mean" : 992.052632,
        "iops_stddev" : 72.233013,
        "iops_samples" : 19
      },
      "trim" : {
        "io_bytes" : 0,
        "io_kbytes" : 0,
        "bw_bytes" : 0,
        "bw" : 0,
        "iops" : 0.000000,
        "runtime" : 0,
        "total_ios" : 0,
        "short_ios" : 0,
        "drop_ios" : 0,
        "slat_ns" : {
          "min" : 0,
          "max" : 0,
          "mean" : 0.000000,
          "stddev" : 0.000000,
          "N" : 0
        },
        "clat_ns" : {
          "min" : 0,
          "max" : 0,
          "mean" : 0.000000,
          "stddev" : 0.000000,
          "N" : 0
        },
        "lat_ns" : {
          "min" : 0,
          "max" : 0,
          "mean" : 0.000000,
          "stddev" : 0.000000,
          "N" : 0
        },
        "bw_min" : 0,
        "bw_max" : 0,
        "bw_agg" : 0.000000,
        "bw_mean" : 0.000000,
        "bw_dev" : 0.000000,
        "bw_samples" : 0,
        "iops_min" : 0,
        "iops_max" : 0,
        "iops_mean" : 0.000000,
        "iops_stddev" : 0.000000,
        "iops_samples" : 0
      },
      "sync" : {
        "total_ios" : 0,
        "lat_ns" : {
          "min" : 0,
          "max" : 0,
          "mean" : 0.000000,
          "stddev" : 0.000000,
          "N" : 0
        }
      },
      "job_runtime" : 10000,
      "usr_cpu" : 0.020000,
      "sys_cpu" : 21.420000,
      "ctx" : 19195,
      "majf" : 0,
      "minf" : 13,
      "iodepth_level" : {
        "1" : 100.000000,
        "2" : 0.000000,
        "4" : 0.000000,
        "8" : 0.000000,
        "16" : 0.000000,
        "32" : 0.000000,
        ">=64" : 0.000000
      },
      "iodepth_submit" : {
        "0" : 0.000000,
        "4" : 100.000000,
        "8" : 0.000000,
        "16" : 0.000000,
        "32" : 0.000000,
        "64" : 0.000000,
        ">=64" : 0.000000
      },
      "iodepth_complete" : {
        "0" : 0.000000,
        "4" : 100.000000,
        "8" : 0.000000,
        "16" : 0.000000,
        "32" : 0.000000,
        "64" : 0.000000,
        ">=64" : 0.000000
      },
      "latency_ns" : {
        "2" : 0.000000,
        "4" : 0.000000,
        "10" : 0.000000,
        "20" : 0.000000,
        "50" : 0.000000,
        "100" : 0.000000,
        "250" : 0.000000,
        "500" : 0.000000,
        "750" : 0.000000,
        "1000" : 0.000000
      },
      "latency_us" : {
        "2" : 0.000000,
        "4" : 0.000000,
        "10" : 0.000000,
        "20" : 0.000000,
        "50" : 0.000000,
        "100" : 0.000000,
        "250" : 40.088017,
        "500" : 41.797764,
        "750" : 11.624260,
        "1000" : 1.456826
      },
      "latency_ms" : {
        "2" : 1.036977,
        "4" : 2.301583,
        "10" : 1.638930,
        "20" : 0.045526,
        "50" : 0.010000,
        "100" : 0.010000,
        "250" : 0.000000,
        "500" : 0.000000,
        "750" : 0.000000,
        "1000" : 0.000000,
        "2000" : 0.000000,
        ">=2000" : 0.000000
      },
      "latency_depth" : 1,
      "latency_target" : 0,
      "latency_percentile" : 100.000000,
      "latency_window" : 0
    }
  ],
  "disk_util" : [
    {
      "name" : "sda",
      "read_ios" : 9813,
      "write_ios" : 9803,
      "read_sectors" : 2512128,
      "write_sectors" : 2507696,
      "read_merges" : 0,
      "write_merges" : 10,
      "read_ticks" : 6863,
      "write_ticks" : 1431,
      "in_queue" : 8303,
      "util" : 71.153846
    }
  ]
}
