{
  "fio version" : "fio-3.36",
  "timestamp" : 1764722448,
  "timestamp_ms" : 1764722448435,
  "time" : "Wed Dec  3 00:40:48 2025",
  "jobs" : [
    {
      "jobname" : "test",
      "groupid" : 0,
      "job_start" : 1764722438410,
      "error" : 0,
      "eta" : 0,
      "elapsed" : 11,
      "job options" : {
        "name" : "test",
        "filename" : "./testfile",
        "rw" : "read",
        "filesize" : "1G",
        "bs" : "128k",
        "numjobs" : "1",
        "iodepth" : "1",
        "direct" : "1",
        "runtime" : "10"
      },
      "read" : {
        "io_bytes" : 2907963392,
        "io_kbytes" : 2839808,
        "bw_bytes" : 290767262,
        "bw" : 283952,
        "iops" : 2218.378162,
        "runtime" : 10001,
        "total_ios" : 22186,
        "short_ios" : 0,
        "drop_ios" : 0,
        "slat_ns" : {
          "min" : 0,
          "max" : 0,
          "mean" : 0.000000,
          "stddev" : 0.000000,
          "N" : 0
        },
        "clat_ns" : {
          "min" : 269282,
          "max" : 3330681,
          "mean" : 442618.903362,
          "stddev" : 135861.030316,
          "N" : 22186,
          "percentile" : {
            "1.000000" : 272384,
            "5.000000" : 276480,
            "10.000000" : 276480,
            "20.000000" : 292864,
            "30.000000" : 301056,
            "40.000000" : 354304,
            "50.000000" : 501760,
            "60.000000" : 544768,
            "70.000000" : 552960,
            "80.000000" : 561152,
            "90.000000" : 577536,
            "95.000000" : 593920,
            "99.000000" : 626688,
            "99.500000" : 790528,
            "99.900000" : 978944,
            "99.950000" : 1204224,
            "99.990000" : 1925120
          }
        },
        "lat_ns" : {
          "min" : 269419,
          "max" : 3330812,
          "mean" : 443224.901650,
          "stddev" : 136198.792617,
          "N" : 22186
        },
        "bw_min" : 250368,
        "bw_max" : 344832,
        "bw_agg" : 100.000000,
        "bw_mean" : 284981.894737,
        "bw_dev" : 32978.499322,
        "bw_samples" : 19,
        "iops_min" : 1958,
        "iops_max" : 2694,
        "iops_mean" : 2226.421053,
        "iops_stddev" : 257.611748,
        "iops_samples" : 19
      },
      "write" : {
        "io_bytes" : 0,
        "io_kbytes" : 0,
        "bw_bytes" : 0,
        "bw" : 0,
        "iops" : 0.000000,
        "runtime" : 0,
        "total_ios" : 0,
        "short_ios" : 0,
        "drop_ios" : 0,
        "slat_ns" : {
          "min" : 0,
          "max" : 0,
          "mean" : 0.000000,
          "stddev" : 0.000000,
          "N" : 0
        },
        "clat_ns" : {
          "min" : 0,
          "max" : 0,
          "mean" : 0.000000,
          "stddev" : 0.000000,
          "N" : 0
        },
        "lat_ns" : {
          "min" : 0,
          "max" : 0,
          "mean" : 0.000000,
          "stddev" : 0.000000,
          "N" : 0
        },
        "bw_min" : 0,
        "bw_max" : 0,
        "bw_agg" : 0.000000,
        "bw_mean" : 0.000000,
        "bw_dev" : 0.000000,
        "bw_samples" : 0,
        "iops_min" : 0,
        "iops_max" : 0,
        "iops_mean" : 0.000000,
        "iops_stddev" : 0.000000,
        "iops_samples" : 0
      },
      "trim" : {
        "io_bytes" : 0,
        "io_kbytes" : 0,
        "bw_bytes" : 0,
        "bw" : 0,
        "iops" : 0.000000,
        "runtime" : 0,
        "total_ios" : 0,
        "short_ios" : 0,
        "drop_ios" : 0,
        "slat_ns" : {
          "min" : 0,
          "max" : 0,
          "mean" : 0.000000,
          "stddev" : 0.000000,
          "N" : 0
        },
        "clat_ns" : {
          "min" : 0,
          "max" : 0,
          "mean" : 0.000000,
          "stddev" : 0.000000,
          "N" : 0
        },
        "lat_ns" : {
          "min" : 0,
          "max" : 0,
          "mean" : 0.000000,
          "stddev" : 0.000000,
          "N" : 0
        },
        "bw_min" : 0,
        "bw_max" : 0,
        "bw_agg" : 0.000000,
        "bw_mean" : 0.000000,
        "bw_dev" : 0.000000,
        "bw_samples" : 0,
        "iops_min" : 0,
        "iops_max" : 0,
        "iops_mean" : 0.000000,
        "iops_stddev" : 0.000000,
        "iops_samples" : 0
      },
      "sync" : {
        "total_ios" : 0,
        "lat_ns" : {
          "min" : 0,
          "max" : 0,
          "mean" : 0.000000,
          "stddev" : 0.000000,
          "N" : 0
        }
      },
      "job_runtime" : 10000,
      "usr_cpu" : 4.030000,
      "sys_cpu" : 17.820000,
      "ctx" : 22191,
      "majf" : 0,
      "minf" : 45,
      "iodepth_level" : {
        "1" : 100.000000,
        "2" : 0.000000,
        "4" : 0.000000,
        "8" : 0.000000,
        "16" : 0.000000,
        "32" : 0.000000,
        ">=64" : 0.000000
      },
      "iodepth_submit" : {
        "0" : 0.000000,
        "4" : 100.000000,
        "8" : 0.000000,
        "16" : 0.000000,
        "32" : 0.000000,
        "64" : 0.000000,
        ">=64" : 0.000000
      },
      "iodepth_complete" : {
        "0" : 0.000000,
        "4" : 100.000000,
        "8" : 0.000000,
        "16" : 0.000000,
        "32" : 0.000000,
        "64" : 0.000000,
        ">=64" : 0.000000
      },
      "latency_ns" : {
        "2" : 0.000000,
        "4" : 0.000000,
        "10" : 0.000000,
        "20" : 0.000000,
        "50" : 0.000000,
        "100" : 0.000000,
        "250" : 0.000000,
        "500" : 0.000000,
        "750" : 0.000000,
        "1000" : 0.000000
      },
      "latency_us" : {
        "2" : 0.000000,
        "4" : 0.000000,
        "10" : 0.000000,
        "20" : 0.000000,
        "50" : 0.000000,
        "100" : 0.000000,
        "250" : 0.000000,
        "500" : 49.747589,
        "750" : 49.693500,
        "1000" : 0.459749
      },
      "latency_ms" : {
        "2" : 0.090147,
        "4" : 0.010000,
        "10" : 0.000000,
        "20" : 0.000000,
        "50" : 0.000000,
        "100" : 0.000000,
        "250" : 0.000000,
        "500" : 0.000000,
        "750" : 0.000000,
        "1000" : 0.000000,
        "2000" : 0.000000,
        ">=2000" : 0.000000
      },
      "latency_depth" : 1,
      "latency_target" : 0,
      "latency_percentile" : 100.000000,
      "latency_window" : 0
    }
  ],
  "disk_util" : [
    {
      "name" : "sda",
      "read_ios" : 21901,
      "write_ios" : 2,
      "read_sectors" : 5606656,
      "write_sectors" : 56,
      "read_merges" : 0,
      "write_merges" : 5,
      "read_ticks" : 8022,
      "write_ticks" : 2,
      "in_queue" : 8025,
      "util" : 83.944311
    }
  ]
}
