{
  "fio version" : "fio-3.36",
  "timestamp" : 1764722309,
  "timestamp_ms" : 1764722309224,
  "time" : "Wed Dec  3 00:38:29 2025",
  "jobs" : [
    {
      "jobname" : "test",
      "groupid" : 0,
      "job_start" : 1764722299207,
      "error" : 0,
      "eta" : 0,
      "elapsed" : 11,
      "job options" : {
        "name" : "test",
        "filename" : "./testfile",
        "rw" : "randrw",
        "filesize" : "100M",
        "bs" : "128k",
        "numjobs" : "1",
        "iodepth" : "1",
        "direct" : "1",
        "runtime" : "10"
      },
      "read" : {
        "io_bytes" : 878968832,
        "io_kbytes" : 858368,
        "bw_bytes" : 87888094,
        "bw" : 85828,
        "iops" : 670.532947,
        "runtime" : 10001,
        "total_ios" : 6706,
        "short_ios" : 0,
        "drop_ios" : 0,
        "slat_ns" : {
          "min" : 0,
          "max" : 0,
          "mean" : 0.000000,
          "stddev" : 0.000000,
          "N" : 0
        },
        "clat_ns" : {
          "min" : 440394,
          "max" : 19369478,
          "mean" : 875235.720549,
          "stddev" : 476332.014619,
          "N" : 6706,
          "percentile" : {
            "1.000000" : 497664,
            "5.000000" : 618496,
            "10.000000" : 708608,
            "20.000000" : 774144,
            "30.000000" : 815104,
            "40.000000" : 856064,
            "50.000000" : 872448,
            "60.000000" : 897024,
            "70.000000" : 921600,
            "80.000000" : 954368,
            "90.000000" : 1011712,
            "95.000000" : 1056768,
            "99.000000" : 1105920,
            "99.500000" : 1138688,
            "99.900000" : 2277376,
            "99.950000" : 17170432,
            "99.990000" : 19267584
          }
        },
        "lat_ns" : {
          "min" : 440530,
          "max" : 19369653,
          "mean" : 876042.134954,
          "stddev" : 476375.849977,
          "N" : 6706
        },
        "bw_min" : 77824,
        "bw_max" : 93952,
        "bw_agg" : 100.000000,
        "bw_mean" : 85962.105263,
        "bw_dev" : 4418.898278,
        "bw_samples" : 19,
        "iops_min" : 608,
        "iops_max" : 734,
        "iops_mean" : 671.578947,
        "iops_stddev" : 34.522643,
        "iops_samples" : 19
      },
      "write" : {
        "io_bytes" : 884473856,
        "io_kbytes" : 863744,
        "bw_bytes" : 88438541,
        "bw" : 86365,
        "iops" : 674.732527,
        "runtime" : 10001,
        "total_ios" : 6748,
        "short_ios" : 0,
        "drop_ios" : 0,
        "slat_ns" : {
          "min" : 0,
          "max" : 0,
          "mean" : 0.000000,
          "stddev" : 0.000000,
          "N" : 0
        },
        "clat_ns" : {
          "min" : 278277,
          "max" : 16889236,
          "mean" : 570703.785566,
          "stddev" : 450262.945316,
          "N" : 6748,
          "percentile" : {
            "1.000000" : 288768,
            "5.000000" : 317440,
            "10.000000" : 350208,
            "20.000000" : 518144,
            "30.000000" : 569344,
            "40.000000" : 585728,
            "50.000000" : 593920,
            "60.000000" : 602112,
            "70.000000" : 610304,
            "80.000000" : 626688,
            "90.000000" : 643072,
            "95.000000" : 659456,
            "99.000000" : 684032,
            "99.500000" : 700416,
            "99.900000" : 741376,
            "99.950000" : 16580608,
            "99.990000" : 16908288
          }
        },
        "lat_ns" : {
          "min" : 286295,
          "max" : 16900578,
          "mean" : 583190.975697,
          "stddev" : 450511.097331,
          "N" : 6748
        },
        "bw_min" : 79360,
        "bw_max" : 97536,
        "bw_agg" : 100.000000,
        "bw_mean" : 86460.631579,
        "bw_dev" : 5039.612201,
        "bw_samples" : 19,
        "iops_min" : 620,
        "iops_max" : 762,
        "iops_mean" : 675.473684,
        "iops_stddev" : 39.371970,
        "iops_samples" : 19
      },
      "trim" : {
        "io_bytes" : 0,
        "io_kbytes" : 0,
        "bw_bytes" : 0,
        "bw" : 0,
        "iops" : 0.000000,
        "runtime" : 0,
        "total_ios" : 0,
        "short_ios" : 0,
        "drop_ios" : 0,
        "slat_ns" : {
          "min" : 0,
          "max" : 0,
          "mean" : 0.000000,
          "stddev" : 0.000000,
          "N" : 0
        },
        "clat_ns" : {
          "min" : 0,
          "max" : 0,
          "mean" : 0.000000,
          "stddev" : 0.000000,
          "N" : 0
        },
        "lat_ns" : {
          "min" : 0,
          "max" : 0,
          "mean" : 0.000000,
          "stddev" : 0.000000,
          "N" : 0
        },
        "bw_min" : 0,
        "bw_max" : 0,
        "bw_agg" : 0.000000,
        "bw_mean" : 0.000000,
        "bw_dev" : 0.000000,
        "bw_samples" : 0,
        "iops_min" : 0,
        "iops_max" : 0,
        "iops_mean" : 0.000000,
        "iops_stddev" : 0.000000,
        "iops_samples" : 0
      },
      "sync" : {
        "total_ios" : 0,
        "lat_ns" : {
          "min" : 0,
          "max" : 0,
          "mean" : 0.000000,
          "stddev" : 0.000000,
          "N" : 0
        }
      },
      "job_runtime" : 10000,
      "usr_cpu" : 4.790000,
      "sys_cpu" : 17.550000,
      "ctx" : 13455,
      "majf" : 0,
      "minf" : 13,
      "iodepth_level" : {
        "1" : 100.000000,
        "2" : 0.000000,
        "4" : 0.000000,
        "8" : 0.000000,
        "16" : 0.000000,
        "32" : 0.000000,
        ">=64" : 0.000000
      },
      "iodepth_submit" : {
        "0" : 0.000000,
        "4" : 100.000000,
        "8" : 0.000000,
        "16" : 0.000000,
        "32" : 0.000000,
        "64" : 0.000000,
        ">=64" : 0.000000
      },
      "iodepth_complete" : {
        "0" : 0.000000,
        "4" : 100.000000,
        "8" : 0.000000,
        "16" : 0.000000,
        "32" : 0.000000,
        "64" : 0.000000,
        ">=64" : 0.000000
      },
      "latency_ns" : {
        "2" : 0.000000,
        "4" : 0.000000,
        "10" : 0.000000,
        "20" : 0.000000,
        "50" : 0.000000,
        "100" : 0.000000,
        "250" : 0.000000,
        "500" : 0.000000,
        "750" : 0.000000,
        "1000" : 0.000000
      },
      "latency_us" : {
        "2" : 0.000000,
        "4" : 0.000000,
        "10" : 0.000000,
        "20" : 0.000000,
        "50" : 0.000000,
        "100" : 0.000000,
        "250" : 0.000000,
        "500" : 9.469303,
        "750" : 47.941133,
        "1000" : 36.576483
      },
      "latency_ms" : {
        "2" : 5.923889,
        "4" : 0.014865,
        "10" : 0.000000,
        "20" : 0.074327,
        "50" : 0.000000,
        "100" : 0.000000,
        "250" : 0.000000,
        "500" : 0.000000,
        "750" : 0.000000,
        "1000" : 0.000000,
        "2000" : 0.000000,
        ">=2000" : 0.000000
      },
      "latency_depth" : 1,
      "latency_target" : 0,
      "latency_percentile" : 100.000000,
      "latency_window" : 0
    }
  ],
  "disk_util" : [
    {
      "name" : "sda",
      "read_ios" : 6635,
      "write_ios" : 6679,
      "read_sectors" : 1698560,
      "write_sectors" : 1708648,
      "read_merges" : 0,
      "write_merges" : 7,
      "read_ticks" : 4901,
      "write_ticks" : 2942,
      "in_queue" : 7848,
      "util" : 78.228634
    }
  ]
}
