{
  "fio version" : "fio-3.36",
  "timestamp" : 1764722298,
  "timestamp_ms" : 1764722298930,
  "time" : "Wed Dec  3 00:38:18 2025",
  "jobs" : [
    {
      "jobname" : "test",
      "groupid" : 0,
      "job_start" : 1764722288917,
      "error" : 0,
      "eta" : 0,
      "elapsed" : 11,
      "job options" : {
        "name" : "test",
        "filename" : "./testfile",
        "rw" : "randrw",
        "filesize" : "100M",
        "bs" : "128k",
        "numjobs" : "1",
        "iodepth" : "1",
        "direct" : "1",
        "runtime" : "10"
      },
      "read" : {
        "io_bytes" : 895090688,
        "io_kbytes" : 874112,
        "bw_bytes" : 89500118,
        "bw" : 87402,
        "iops" : 682.831717,
        "runtime" : 10001,
        "total_ios" : 6829,
        "short_ios" : 0,
        "drop_ios" : 0,
        "slat_ns" : {
          "min" : 0,
          "max" : 0,
          "mean" : 0.000000,
          "stddev" : 0.000000,
          "N" : 0
        },
        "clat_ns" : {
          "min" : 480040,
          "max" : 17494921,
          "mean" : 893319.601552,
          "stddev" : 449491.990988,
          "N" : 6829,
          "percentile" : {
            "1.000000" : 497664,
            "5.000000" : 561152,
            "10.000000" : 626688,
            "20.000000" : 741376,
            "30.000000" : 806912,
            "40.000000" : 839680,
            "50.000000" : 880640,
            "60.000000" : 921600,
            "70.000000" : 954368,
            "80.000000" : 1003520,
            "90.000000" : 1089536,
            "95.000000" : 1187840,
            "99.000000" : 1613824,
            "99.500000" : 1925120,
            "99.900000" : 2506752,
            "99.950000" : 17170432,
            "99.990000" : 17432576
          }
        },
        "lat_ns" : {
          "min" : 480190,
          "max" : 17495510,
          "mean" : 894006.854005,
          "stddev" : 449560.521618,
          "N" : 6829
        },
        "bw_min" : 65280,
        "bw_max" : 103680,
        "bw_agg" : 99.862179,
        "bw_mean" : 87282.526316,
        "bw_dev" : 11035.244403,
        "bw_samples" : 19,
        "iops_min" : 510,
        "iops_max" : 810,
        "iops_mean" : 681.894737,
        "iops_stddev" : 86.212847,
        "iops_samples" : 19
      },
      "write" : {
        "io_bytes" : 899940352,
        "io_kbytes" : 878848,
        "bw_bytes" : 89985036,
        "bw" : 87876,
        "iops" : 686.531347,
        "runtime" : 10001,
        "total_ios" : 6866,
        "short_ios" : 0,
        "drop_ios" : 0,
        "slat_ns" : {
          "min" : 0,
          "max" : 0,
          "mean" : 0.000000,
          "stddev" : 0.000000,
          "N" : 0
        },
        "clat_ns" : {
          "min" : 277166,
          "max" : 17540857,
          "mean" : 530239.697349,
          "stddev" : 473683.281881,
          "N" : 6866,
          "percentile" : {
            "1.000000" : 288768,
            "5.000000" : 292864,
            "10.000000" : 305152,
            "20.000000" : 346112,
            "30.000000" : 436224,
            "40.000000" : 544768,
            "50.000000" : 569344,
            "60.000000" : 585728,
            "70.000000" : 593920,
            "80.000000" : 610304,
            "90.000000" : 634880,
            "95.000000" : 667648,
            "99.000000" : 946176,
            "99.500000" : 1204224,
            "99.900000" : 2801664,
            "99.950000" : 16908288,
            "99.990000" : 17432576
          }
        },
        "lat_ns" : {
          "min" : 285893,
          "max" : 17553670,
          "mean" : 542216.366152,
          "stddev" : 474027.289512,
          "N" : 6866
        },
        "bw_min" : 71168,
        "bw_max" : 106496,
        "bw_agg" : 99.814498,
        "bw_mean" : 87713.684211,
        "bw_dev" : 10536.925490,
        "bw_samples" : 19,
        "iops_min" : 556,
        "iops_max" : 832,
        "iops_mean" : 685.263158,
        "iops_stddev" : 82.319730,
        "iops_samples" : 19
      },
      "trim" : {
        "io_bytes" : 0,
        "io_kbytes" : 0,
        "bw_bytes" : 0,
        "bw" : 0,
        "iops" : 0.000000,
        "runtime" : 0,
        "total_ios" : 0,
        "short_ios" : 0,
        "drop_ios" : 0,
        "slat_ns" : {
          "min" : 0,
          "max" : 0,
          "mean" : 0.000000,
          "stddev" : 0.000000,
          "N" : 0
        },
        "clat_ns" : {
          "min" : 0,
          "max" : 0,
          "mean" : 0.000000,
          "stddev" : 0.000000,
          "N" : 0
        },
        "lat_ns" : {
          "min" : 0,
          "max" : 0,
          "mean" : 0.000000,
          "stddev" : 0.000000,
          "N" : 0
        },
        "bw_min" : 0,
        "bw_max" : 0,
        "bw_agg" : 0.000000,
        "bw_mean" : 0.000000,
        "bw_dev" : 0.000000,
        "bw_samples" : 0,
        "iops_min" : 0,
        "iops_max" : 0,
        "iops_mean" : 0.000000,
        "iops_stddev" : 0.000000,
        "iops_samples" : 0
      },
      "sync" : {
        "total_ios" : 0,
        "lat_ns" : {
          "min" : 0,
          "max" : 0,
          "mean" : 0.000000,
          "stddev" : 0.000000,
          "N" : 0
        }
      },
      "job_runtime" : 10000,
      "usr_cpu" : 4.730000,
      "sys_cpu" : 16.230000,
      "ctx" : 13699,
      "majf" : 0,
      "minf" : 11,
      "iodepth_level" : {
        "1" : 100.000000,
        "2" : 0.000000,
        "4" : 0.000000,
        "8" : 0.000000,
        "16" : 0.000000,
        "32" : 0.000000,
        ">=64" : 0.000000
      },
      "iodepth_submit" : {
        "0" : 0.000000,
        "4" : 100.000000,
        "8" : 0.000000,
        "16" : 0.000000,
        "32" : 0.000000,
        "64" : 0.000000,
        ">=64" : 0.000000
      },
      "iodepth_complete" : {
        "0" : 0.000000,
        "4" : 100.000000,
        "8" : 0.000000,
        "16" : 0.000000,
        "32" : 0.000000,
        "64" : 0.000000,
        ">=64" : 0.000000
      },
      "latency_ns" : {
        "2" : 0.000000,
        "4" : 0.000000,
        "10" : 0.000000,
        "20" : 0.000000,
        "50" : 0.000000,
        "100" : 0.000000,
        "250" : 0.000000,
        "500" : 0.000000,
        "750" : 0.000000,
        "1000" : 0.000000
      },
      "latency_us" : {
        "2" : 0.000000,
        "4" : 0.000000,
        "10" : 0.000000,
        "20" : 0.000000,
        "50" : 0.000000,
        "100" : 0.000000,
        "250" : 0.000000,
        "500" : 17.670683,
        "750" : 42.380431,
        "1000" : 29.558233
      },
      "latency_ms" : {
        "2" : 10.113180,
        "4" : 0.211756,
        "10" : 0.000000,
        "20" : 0.065717,
        "50" : 0.000000,
        "100" : 0.000000,
        "250" : 0.000000,
        "500" : 0.000000,
        "750" : 0.000000,
        "1000" : 0.000000,
        "2000" : 0.000000,
        ">=2000" : 0.000000
      },
      "latency_depth" : 1,
      "latency_target" : 0,
      "latency_percentile" : 100.000000,
      "latency_window" : 0
    }
  ],
  "disk_util" : [
    {
      "name" : "sda",
      "read_ios" : 6758,
      "write_ios" : 6802,
      "read_sectors" : 1730048,
      "write_sectors" : 1738208,
      "read_merges" : 0,
      "write_merges" : 14,
      "read_ticks" : 5301,
      "write_ticks" : 2934,
      "in_queue" : 8242,
      "util" : 81.937487
    }
  ]
}
