{
  "fio version" : "fio-3.36",
  "timestamp" : 1764722413,
  "timestamp_ms" : 1764722413856,
  "time" : "Wed Dec  3 00:40:13 2025",
  "jobs" : [
    {
      "jobname" : "test",
      "groupid" : 0,
      "job_start" : 1764722403835,
      "error" : 0,
      "eta" : 0,
      "elapsed" : 11,
      "job options" : {
        "name" : "test",
        "filename" : "./testfile",
        "rw" : "randrw",
        "filesize" : "500M",
        "bs" : "128k",
        "numjobs" : "1",
        "iodepth" : "1",
        "direct" : "1",
        "runtime" : "10"
      },
      "read" : {
        "io_bytes" : 949354496,
        "io_kbytes" : 927104,
        "bw_bytes" : 94925957,
        "bw" : 92701,
        "iops" : 724.227577,
        "runtime" : 10001,
        "total_ios" : 7243,
        "short_ios" : 0,
        "drop_ios" : 0,
        "slat_ns" : {
          "min" : 0,
          "max" : 0,
          "mean" : 0.000000,
          "stddev" : 0.000000,
          "N" : 0
        },
        "clat_ns" : {
          "min" : 438308,
          "max" : 27987457,
          "mean" : 816726.158912,
          "stddev" : 464734.870164,
          "N" : 7243,
          "percentile" : {
            "1.000000" : 452608,
            "5.000000" : 528384,
            "10.000000" : 577536,
            "20.000000" : 684032,
            "30.000000" : 749568,
            "40.000000" : 782336,
            "50.000000" : 815104,
            "60.000000" : 856064,
            "70.000000" : 880640,
            "80.000000" : 913408,
            "90.000000" : 962560,
            "95.000000" : 1011712,
            "99.000000" : 1073152,
            "99.500000" : 1089536,
            "99.900000" : 7307264,
            "99.950000" : 7438336,
            "99.990000" : 27918336
          }
        },
        "lat_ns" : {
          "min" : 438460,
          "max" : 27987609,
          "mean" : 817395.005937,
          "stddev" : 464785.053407,
          "N" : 7243
        },
        "bw_min" : 81408,
        "bw_max" : 105984,
        "bw_agg" : 99.735570,
        "bw_mean" : 92456.421053,
        "bw_dev" : 6338.987777,
        "bw_samples" : 19,
        "iops_min" : 636,
        "iops_max" : 828,
        "iops_mean" : 722.315789,
        "iops_stddev" : 49.523342,
        "iops_samples" : 19
      },
      "write" : {
        "io_bytes" : 952762368,
        "io_kbytes" : 930432,
        "bw_bytes" : 95266710,
        "bw" : 93033,
        "iops" : 726.827317,
        "runtime" : 10001,
        "total_ios" : 7269,
        "short_ios" : 0,
        "drop_ios" : 0,
        "slat_ns" : {
          "min" : 0,
          "max" : 0,
          "mean" : 0.000000,
          "stddev" : 0.000000,
          "N" : 0
        },
        "clat_ns" : {
          "min" : 276950,
          "max" : 27892753,
          "mean" : 525113.528133,
          "stddev" : 424751.585489,
          "N" : 7269,
          "percentile" : {
            "1.000000" : 284672,
            "5.000000" : 292864,
            "10.000000" : 309248,
            "20.000000" : 337920,
            "30.000000" : 452608,
            "40.000000" : 552960,
            "50.000000" : 577536,
            "60.000000" : 585728,
            "70.000000" : 602112,
            "80.000000" : 610304,
            "90.000000" : 626688,
            "95.000000" : 643072,
            "99.000000" : 675840,
            "99.500000" : 692224,
            "99.900000" : 6848512,
            "99.950000" : 6979584,
            "99.990000" : 27918336
          }
        },
        "lat_ns" : {
          "min" : 283071,
          "max" : 27905520,
          "mean" : 536957.135782,
          "stddev" : 425118.385860,
          "N" : 7269
        },
        "bw_min" : 86528,
        "bw_max" : 100352,
        "bw_agg" : 100.000000,
        "bw_mean" : 93049.263158,
        "bw_dev" : 4132.608335,
        "bw_samples" : 19,
        "iops_min" : 676,
        "iops_max" : 784,
        "iops_mean" : 726.947368,
        "iops_stddev" : 32.286003,
        "iops_samples" : 19
      },
      "trim" : {
        "io_bytes" : 0,
        "io_kbytes" : 0,
        "bw_bytes" : 0,
        "bw" : 0,
        "iops" : 0.000000,
        "runtime" : 0,
        "total_ios" : 0,
        "short_ios" : 0,
        "drop_ios" : 0,
        "slat_ns" : {
          "min" : 0,
          "max" : 0,
          "mean" : 0.000000,
          "stddev" : 0.000000,
          "N" : 0
        },
        "clat_ns" : {
          "min" : 0,
          "max" : 0,
          "mean" : 0.000000,
          "stddev" : 0.000000,
          "N" : 0
        },
        "lat_ns" : {
          "min" : 0,
          "max" : 0,
          "mean" : 0.000000,
          "stddev" : 0.000000,
          "N" : 0
        },
        "bw_min" : 0,
        "bw_max" : 0,
        "bw_agg" : 0.000000,
        "bw_mean" : 0.000000,
        "bw_dev" : 0.000000,
        "bw_samples" : 0,
        "iops_min" : 0,
        "iops_max" : 0,
        "iops_mean" : 0.000000,
        "iops_stddev" : 0.000000,
        "iops_samples" : 0
      },
      "sync" : {
        "total_ios" : 0,
        "lat_ns" : {
          "min" : 0,
          "max" : 0,
          "mean" : 0.000000,
          "stddev" : 0.000000,
          "N" : 0
        }
      },
      "job_runtime" : 10000,
      "usr_cpu" : 4.330000,
      "sys_cpu" : 16.400000,
      "ctx" : 14516,
      "majf" : 0,
      "minf" : 13,
      "iodepth_level" : {
        "1" : 100.000000,
        "2" : 0.000000,
        "4" : 0.000000,
        "8" : 0.000000,
        "16" : 0.000000,
        "32" : 0.000000,
        ">=64" : 0.000000
      },
      "iodepth_submit" : {
        "0" : 0.000000,
        "4" : 100.000000,
        "8" : 0.000000,
        "16" : 0.000000,
        "32" : 0.000000,
        "64" : 0.000000,
        ">=64" : 0.000000
      },
      "iodepth_complete" : {
        "0" : 0.000000,
        "4" : 100.000000,
        "8" : 0.000000,
        "16" : 0.000000,
        "32" : 0.000000,
        "64" : 0.000000,
        ">=64" : 0.000000
      },
      "latency_ns" : {
        "2" : 0.000000,
        "4" : 0.000000,
        "10" : 0.000000,
        "20" : 0.000000,
        "50" : 0.000000,
        "100" : 0.000000,
        "250" : 0.000000,
        "500" : 0.000000,
        "750" : 0.000000,
        "1000" : 0.000000
      },
      "latency_us" : {
        "2" : 0.000000,
        "4" : 0.000000,
        "10" : 0.000000,
        "20" : 0.000000,
        "50" : 0.000000,
        "100" : 0.000000,
        "250" : 0.000000,
        "500" : 18.364112,
        "750" : 46.864664,
        "1000" : 31.759923
      },
      "latency_ms" : {
        "2" : 2.797685,
        "4" : 0.013782,
        "10" : 0.186053,
        "20" : 0.000000,
        "50" : 0.013782,
        "100" : 0.000000,
        "250" : 0.000000,
        "500" : 0.000000,
        "750" : 0.000000,
        "1000" : 0.000000,
        "2000" : 0.000000,
        ">=2000" : 0.000000
      },
      "latency_depth" : 1,
      "latency_target" : 0,
      "latency_percentile" : 100.000000,
      "latency_window" : 0
    }
  ],
  "disk_util" : [
    {
      "name" : "sda",
      "read_ios" : 7149,
      "write_ios" : 7199,
      "read_sectors" : 1830144,
      "write_sectors" : 1841328,
      "read_merges" : 0,
      "write_merges" : 15,
      "read_ticks" : 5042,
      "write_ticks" : 3017,
      "in_queue" : 8063,
      "util" : 80.725306
    }
  ]
}
