{
  "fio version" : "fio-3.36",
  "timestamp" : 1762893724,
  "timestamp_ms" : 1762893724830,
  "time" : "Tue Nov 11 20:42:04 2025",
  "global options" : {
    "write_bw_log" : "/root/kml-project/traces/training/sequential/run_1_cold/bw",
    "write_lat_log" : "/root/kml-project/traces/training/sequential/run_1_cold/lat",
    "write_iops_log" : "/root/kml-project/traces/training/sequential/run_1_cold/iops",
    "size" : "2G",
    "ioengine" : "libaio",
    "time_based" : "1",
    "runtime" : "120",
    "group_reporting" : "1",
    "direct" : "1",
    "numjobs" : "2",
    "iodepth" : "4",
    "filename" : "/tmp/fio_tests/test_seq.dat"
  },
  "jobs" : [
    {
      "jobname" : "seqread",
      "groupid" : 0,
      "job_start" : 1762893604267,
      "error" : 0,
      "eta" : 0,
      "elapsed" : 121,
      "job options" : {
        "rw" : "read",
        "bs" : "128k"
      },
      "read" : {
        "io_bytes" : 51381534720,
        "io_kbytes" : 50177280,
        "bw_bytes" : 428172319,
        "bw" : 418137,
        "iops" : 3266.695555,
        "runtime" : 120002,
        "total_ios" : 392010,
        "short_ios" : 0,
        "drop_ios" : 0,
        "slat_ns" : {
          "min" : 11809,
          "max" : 684483,
          "mean" : 85415.503395,
          "stddev" : 33046.259305,
          "N" : 392010
        },
        "clat_ns" : {
          "min" : 286129,
          "max" : 174897659,
          "mean" : 2353097.464190,
          "stddev" : 1366408.695854,
          "N" : 392010,
          "percentile" : {
            "1.000000" : 1662976,
            "5.000000" : 1744896,
            "10.000000" : 1777664,
            "20.000000" : 1810432,
            "30.000000" : 1875968,
            "40.000000" : 2023424,
            "50.000000" : 2244608,
            "60.000000" : 2441216,
            "70.000000" : 2637824,
            "80.000000" : 2834432,
            "90.000000" : 3129344,
            "95.000000" : 3325952,
            "99.000000" : 3719168,
            "99.500000" : 3915776,
            "99.900000" : 4816896,
            "99.950000" : 5603328,
            "99.990000" : 64225280
          }
        },
        "lat_ns" : {
          "min" : 388780,
          "max" : 174969624,
          "mean" : 2438512.967585,
          "stddev" : 1369033.802330,
          "N" : 392010
        },
        "bw_min" : 1498,
        "bw_max" : 673082,
        "bw_agg" : 28.142210,
        "bw_mean" : 117673.159625,
        "bw_dev" : 12565.182946,
        "bw_samples" : 392010,
        "iops_min" : 2,
        "iops_max" : 2,
        "iops_mean" : 2.000000,
        "iops_stddev" : 0.000000,
        "iops_samples" : 392010
      },
      "write" : {
        "io_bytes" : 0,
        "io_kbytes" : 0,
        "bw_bytes" : 0,
        "bw" : 0,
        "iops" : 0.000000,
        "runtime" : 0,
        "total_ios" : 0,
        "short_ios" : 0,
        "drop_ios" : 0,
        "slat_ns" : {
          "min" : 0,
          "max" : 0,
          "mean" : 0.000000,
          "stddev" : 0.000000,
          "N" : 0
        },
        "clat_ns" : {
          "min" : 0,
          "max" : 0,
          "mean" : 0.000000,
          "stddev" : 0.000000,
          "N" : 0
        },
        "lat_ns" : {
          "min" : 0,
          "max" : 0,
          "mean" : 0.000000,
          "stddev" : 0.000000,
          "N" : 0
        },
        "bw_min" : 0,
        "bw_max" : 0,
        "bw_agg" : 0.000000,
        "bw_mean" : 0.000000,
        "bw_dev" : 0.000000,
        "bw_samples" : 0,
        "iops_min" : 0,
        "iops_max" : 0,
        "iops_mean" : 0.000000,
        "iops_stddev" : 0.000000,
        "iops_samples" : 0
      },
      "trim" : {
        "io_bytes" : 0,
        "io_kbytes" : 0,
        "bw_bytes" : 0,
        "bw" : 0,
        "iops" : 0.000000,
        "runtime" : 0,
        "total_ios" : 0,
        "short_ios" : 0,
        "drop_ios" : 0,
        "slat_ns" : {
          "min" : 0,
          "max" : 0,
          "mean" : 0.000000,
          "stddev" : 0.000000,
          "N" : 0
        },
        "clat_ns" : {
          "min" : 0,
          "max" : 0,
          "mean" : 0.000000,
          "stddev" : 0.000000,
          "N" : 0
        },
        "lat_ns" : {
          "min" : 0,
          "max" : 0,
          "mean" : 0.000000,
          "stddev" : 0.000000,
          "N" : 0
        },
        "bw_min" : 0,
        "bw_max" : 0,
        "bw_agg" : 0.000000,
        "bw_mean" : 0.000000,
        "bw_dev" : 0.000000,
        "bw_samples" : 0,
        "iops_min" : 0,
        "iops_max" : 0,
        "iops_mean" : 0.000000,
        "iops_stddev" : 0.000000,
        "iops_samples" : 0
      },
      "sync" : {
        "total_ios" : 0,
        "lat_ns" : {
          "min" : 0,
          "max" : 0,
          "mean" : 0.000000,
          "stddev" : 0.000000,
          "N" : 0
        }
      },
      "job_runtime" : 240001,
      "usr_cpu" : 3.502069,
      "sys_cpu" : 18.479923,
      "ctx" : 361322,
      "majf" : 0,
      "minf" : 15651,
      "iodepth_level" : {
        "1" : 0.100000,
        "2" : 0.100000,
        "4" : 99.987755,
        "8" : 0.000000,
        "16" : 0.000000,
        "32" : 0.000000,
        ">=64" : 0.000000
      },
      "iodepth_submit" : {
        "0" : 0.000000,
        "4" : 100.000000,
        "8" : 0.000000,
        "16" : 0.000000,
        "32" : 0.000000,
        "64" : 0.000000,
        ">=64" : 0.000000
      },
      "iodepth_complete" : {
        "0" : 0.000000,
        "4" : 100.000000,
        "8" : 0.000000,
        "16" : 0.000000,
        "32" : 0.000000,
        "64" : 0.000000,
        ">=64" : 0.000000
      },
      "latency_ns" : {
        "2" : 0.000000,
        "4" : 0.000000,
        "10" : 0.000000,
        "20" : 0.000000,
        "50" : 0.000000,
        "100" : 0.000000,
        "250" : 0.000000,
        "500" : 0.000000,
        "750" : 0.000000,
        "1000" : 0.000000
      },
      "latency_us" : {
        "2" : 0.000000,
        "4" : 0.000000,
        "10" : 0.000000,
        "20" : 0.000000,
        "50" : 0.000000,
        "100" : 0.000000,
        "250" : 0.000000,
        "500" : 0.010000,
        "750" : 0.010000,
        "1000" : 0.010000
      },
      "latency_ms" : {
        "2" : 39.212775,
        "4" : 60.393357,
        "10" : 0.369633,
        "20" : 0.000000,
        "50" : 0.010000,
        "100" : 0.010000,
        "250" : 0.010000,
        "500" : 0.000000,
        "750" : 0.000000,
        "1000" : 0.000000,
        "2000" : 0.000000,
        ">=2000" : 0.000000
      },
      "latency_depth" : 4,
      "latency_target" : 0,
      "latency_percentile" : 100.000000,
      "latency_window" : 0
    }
  ],
  "disk_util" : [
    {
      "name" : "sda",
      "read_ios" : 390507,
      "write_ios" : 1734,
      "read_sectors" : 100361416,
      "write_sectors" : 247680,
      "read_merges" : 1751,
      "write_merges" : 422,
      "read_ticks" : 918992,
      "write_ticks" : 226609,
      "in_queue" : 1145969,
      "util" : 74.715548
    }
  ]
}
