{
  "fio version" : "fio-3.36",
  "timestamp" : 1765152696,
  "timestamp_ms" : 1765152696085,
  "time" : "Mon Dec  8 00:11:36 2025",
  "jobs" : [
    {
      "jobname" : "test",
      "groupid" : 0,
      "job_start" : 1765152686065,
      "error" : 0,
      "eta" : 0,
      "elapsed" : 11,
      "job options" : {
        "name" : "test",
        "filename" : "./testfile",
        "rw" : "read",
        "filesize" : "100M",
        "bs" : "128k",
        "numjobs" : "1",
        "iodepth" : "1",
        "direct" : "1",
        "runtime" : "10"
      },
      "read" : {
        "io_bytes" : 3398828032,
        "io_kbytes" : 3319168,
        "bw_bytes" : 339848818,
        "bw" : 331883,
        "iops" : 2592.840716,
        "runtime" : 10001,
        "total_ios" : 25931,
        "short_ios" : 0,
        "drop_ios" : 0,
        "slat_ns" : {
          "min" : 0,
          "max" : 0,
          "mean" : 0.000000,
          "stddev" : 0.000000,
          "N" : 0
        },
        "clat_ns" : {
          "min" : 179061,
          "max" : 40024217,
          "mean" : 384949.717095,
          "stddev" : 541079.276308,
          "N" : 25931,
          "percentile" : {
            "1.000000" : 240640,
            "5.000000" : 254976,
            "10.000000" : 257024,
            "20.000000" : 268288,
            "30.000000" : 305152,
            "40.000000" : 333824,
            "50.000000" : 350208,
            "60.000000" : 370688,
            "70.000000" : 399360,
            "80.000000" : 432128,
            "90.000000" : 501760,
            "95.000000" : 585728,
            "99.000000" : 847872,
            "99.500000" : 1028096,
            "99.900000" : 3686400,
            "99.950000" : 5931008,
            "99.990000" : 37486592
          }
        },
        "lat_ns" : {
          "min" : 179100,
          "max" : 40024438,
          "mean" : 385012.874590,
          "stddev" : 541086.751297,
          "N" : 25931
        },
        "bw_min" : 172544,
        "bw_max" : 363008,
        "bw_agg" : 99.820235,
        "bw_mean" : 331287.684211,
        "bw_dev" : 41844.568162,
        "bw_samples" : 19,
        "iops_min" : 1348,
        "iops_max" : 2836,
        "iops_mean" : 2588.105263,
        "iops_stddev" : 326.870327,
        "iops_samples" : 19
      },
      "write" : {
        "io_bytes" : 0,
        "io_kbytes" : 0,
        "bw_bytes" : 0,
        "bw" : 0,
        "iops" : 0.000000,
        "runtime" : 0,
        "total_ios" : 0,
        "short_ios" : 0,
        "drop_ios" : 0,
        "slat_ns" : {
          "min" : 0,
          "max" : 0,
          "mean" : 0.000000,
          "stddev" : 0.000000,
          "N" : 0
        },
        "clat_ns" : {
          "min" : 0,
          "max" : 0,
          "mean" : 0.000000,
          "stddev" : 0.000000,
          "N" : 0
        },
        "lat_ns" : {
          "min" : 0,
          "max" : 0,
          "mean" : 0.000000,
          "stddev" : 0.000000,
          "N" : 0
        },
        "bw_min" : 0,
        "bw_max" : 0,
        "bw_agg" : 0.000000,
        "bw_mean" : 0.000000,
        "bw_dev" : 0.000000,
        "bw_samples" : 0,
        "iops_min" : 0,
        "iops_max" : 0,
        "iops_mean" : 0.000000,
        "iops_stddev" : 0.000000,
        "iops_samples" : 0
      },
      "trim" : {
        "io_bytes" : 0,
        "io_kbytes" : 0,
        "bw_bytes" : 0,
        "bw" : 0,
        "iops" : 0.000000,
        "runtime" : 0,
        "total_ios" : 0,
        "short_ios" : 0,
        "drop_ios" : 0,
        "slat_ns" : {
          "min" : 0,
          "max" : 0,
          "mean" : 0.000000,
          "stddev" : 0.000000,
          "N" : 0
        },
        "clat_ns" : {
          "min" : 0,
          "max" : 0,
          "mean" : 0.000000,
          "stddev" : 0.000000,
          "N" : 0
        },
        "lat_ns" : {
          "min" : 0,
          "max" : 0,
          "mean" : 0.000000,
          "stddev" : 0.000000,
          "N" : 0
        },
        "bw_min" : 0,
        "bw_max" : 0,
        "bw_agg" : 0.000000,
        "bw_mean" : 0.000000,
        "bw_dev" : 0.000000,
        "bw_samples" : 0,
        "iops_min" : 0,
        "iops_max" : 0,
        "iops_mean" : 0.000000,
        "iops_stddev" : 0.000000,
        "iops_samples" : 0
      },
      "sync" : {
        "total_ios" : 0,
        "lat_ns" : {
          "min" : 0,
          "max" : 0,
          "mean" : 0.000000,
          "stddev" : 0.000000,
          "N" : 0
        }
      },
      "job_runtime" : 10000,
      "usr_cpu" : 0.000000,
      "sys_cpu" : 26.480000,
      "ctx" : 25898,
      "majf" : 0,
      "minf" : 42,
      "iodepth_level" : {
        "1" : 100.000000,
        "2" : 0.000000,
        "4" : 0.000000,
        "8" : 0.000000,
        "16" : 0.000000,
        "32" : 0.000000,
        ">=64" : 0.000000
      },
      "iodepth_submit" : {
        "0" : 0.000000,
        "4" : 100.000000,
        "8" : 0.000000,
        "16" : 0.000000,
        "32" : 0.000000,
        "64" : 0.000000,
        ">=64" : 0.000000
      },
      "iodepth_complete" : {
        "0" : 0.000000,
        "4" : 100.000000,
        "8" : 0.000000,
        "16" : 0.000000,
        "32" : 0.000000,
        "64" : 0.000000,
        ">=64" : 0.000000
      },
      "latency_ns" : {
        "2" : 0.000000,
        "4" : 0.000000,
        "10" : 0.000000,
        "20" : 0.000000,
        "50" : 0.000000,
        "100" : 0.000000,
        "250" : 0.000000,
        "500" : 0.000000,
        "750" : 0.000000,
        "1000" : 0.000000
      },
      "latency_us" : {
        "2" : 0.000000,
        "4" : 0.000000,
        "10" : 0.000000,
        "20" : 0.000000,
        "50" : 0.000000,
        "100" : 0.000000,
        "250" : 1.530986,
        "500" : 88.419267,
        "750" : 8.341367,
        "1000" : 1.156916
      },
      "latency_ms" : {
        "2" : 0.397208,
        "4" : 0.073271,
        "10" : 0.057846,
        "20" : 0.010000,
        "50" : 0.019282,
        "100" : 0.000000,
        "250" : 0.000000,
        "500" : 0.000000,
        "750" : 0.000000,
        "1000" : 0.000000,
        "2000" : 0.000000,
        ">=2000" : 0.000000
      },
      "latency_depth" : 1,
      "latency_target" : 0,
      "latency_percentile" : 100.000000,
      "latency_window" : 0
    }
  ],
  "disk_util" : [
    {
      "name" : "sda",
      "read_ios" : 25670,
      "write_ios" : 62,
      "read_sectors" : 6571520,
      "write_sectors" : 117248,
      "read_merges" : 0,
      "write_merges" : 21,
      "read_ticks" : 7911,
      "write_ticks" : 1216,
      "in_queue" : 9180,
      "util" : 67.053875
    }
  ]
}
