{
  "fio version" : "fio-3.36",
  "timestamp" : 1765152842,
  "timestamp_ms" : 1765152842386,
  "time" : "Mon Dec  8 00:14:02 2025",
  "jobs" : [
    {
      "jobname" : "test",
      "groupid" : 0,
      "job_start" : 1765152832364,
      "error" : 0,
      "eta" : 0,
      "elapsed" : 11,
      "job options" : {
        "name" : "test",
        "filename" : "./testfile",
        "rw" : "randrw",
        "filesize" : "500M",
        "bs" : "128k",
        "numjobs" : "1",
        "iodepth" : "1",
        "direct" : "1",
        "runtime" : "10"
      },
      "read" : {
        "io_bytes" : 1320026112,
        "io_kbytes" : 1289088,
        "bw_bytes" : 131976215,
        "bw" : 128883,
        "iops" : 1006.898620,
        "runtime" : 10002,
        "total_ios" : 10071,
        "short_ios" : 0,
        "drop_ios" : 0,
        "slat_ns" : {
          "min" : 0,
          "max" : 0,
          "mean" : 0.000000,
          "stddev" : 0.000000,
          "N" : 0
        },
        "clat_ns" : {
          "min" : 182560,
          "max" : 18675158,
          "mean" : 768991.601033,
          "stddev" : 1151710.802127,
          "N" : 10071,
          "percentile" : {
            "1.000000" : 333824,
            "5.000000" : 362496,
            "10.000000" : 374784,
            "20.000000" : 395264,
            "30.000000" : 411648,
            "40.000000" : 428032,
            "50.000000" : 444416,
            "60.000000" : 464896,
            "70.000000" : 505856,
            "80.000000" : 585728,
            "90.000000" : 856064,
            "95.000000" : 3293184,
            "99.000000" : 6193152,
            "99.500000" : 6717440,
            "99.900000" : 9502720,
            "99.950000" : 13172736,
            "99.990000" : 18481152
          }
        },
        "lat_ns" : {
          "min" : 182603,
          "max" : 18675200,
          "mean" : 769061.365406,
          "stddev" : 1151716.090939,
          "N" : 10071
        },
        "bw_min" : 114944,
        "bw_max" : 137197,
        "bw_agg" : 100.000000,
        "bw_mean" : 129223.157895,
        "bw_dev" : 6565.908444,
        "bw_samples" : 19,
        "iops_min" : 898,
        "iops_max" : 1071,
        "iops_mean" : 1009.315789,
        "iops_stddev" : 51.142560,
        "iops_samples" : 19
      },
      "write" : {
        "io_bytes" : 1318191104,
        "io_kbytes" : 1287296,
        "bw_bytes" : 131792751,
        "bw" : 128703,
        "iops" : 1005.498900,
        "runtime" : 10002,
        "total_ios" : 10057,
        "short_ios" : 0,
        "drop_ios" : 0,
        "slat_ns" : {
          "min" : 0,
          "max" : 0,
          "mean" : 0.000000,
          "stddev" : 0.000000,
          "N" : 0
        },
        "clat_ns" : {
          "min" : 179135,
          "max" : 3764539,
          "mean" : 220356.505320,
          "stddev" : 80197.922405,
          "N" : 10057,
          "percentile" : {
            "1.000000" : 181248,
            "5.000000" : 183296,
            "10.000000" : 183296,
            "20.000000" : 185344,
            "30.000000" : 187392,
            "40.000000" : 189440,
            "50.000000" : 193536,
            "60.000000" : 201728,
            "70.000000" : 224256,
            "80.000000" : 250880,
            "90.000000" : 264192,
            "95.000000" : 309248,
            "99.000000" : 536576,
            "99.500000" : 651264,
            "99.900000" : 897024,
            "99.950000" : 1122304,
            "99.990000" : 2703360
          }
        },
        "lat_ns" : {
          "min" : 180208,
          "max" : 3766797,
          "mean" : 222507.312519,
          "stddev" : 80351.670099,
          "N" : 10057
        },
        "bw_min" : 119040,
        "bw_max" : 139776,
        "bw_agg" : 100.000000,
        "bw_mean" : 129035.105263,
        "bw_dev" : 5981.537687,
        "bw_samples" : 19,
        "iops_min" : 930,
        "iops_max" : 1092,
        "iops_mean" : 1007.894737,
        "iops_stddev" : 46.583133,
        "iops_samples" : 19
      },
      "trim" : {
        "io_bytes" : 0,
        "io_kbytes" : 0,
        "bw_bytes" : 0,
        "bw" : 0,
        "iops" : 0.000000,
        "runtime" : 0,
        "total_ios" : 0,
        "short_ios" : 0,
        "drop_ios" : 0,
        "slat_ns" : {
          "min" : 0,
          "max" : 0,
          "mean" : 0.000000,
          "stddev" : 0.000000,
          "N" : 0
        },
        "clat_ns" : {
          "min" : 0,
          "max" : 0,
          "mean" : 0.000000,
          "stddev" : 0.000000,
          "N" : 0
        },
        "lat_ns" : {
          "min" : 0,
          "max" : 0,
          "mean" : 0.000000,
          "stddev" : 0.000000,
          "N" : 0
        },
        "bw_min" : 0,
        "bw_max" : 0,
        "bw_agg" : 0.000000,
        "bw_mean" : 0.000000,
        "bw_dev" : 0.000000,
        "bw_samples" : 0,
        "iops_min" : 0,
        "iops_max" : 0,
        "iops_mean" : 0.000000,
        "iops_stddev" : 0.000000,
        "iops_samples" : 0
      },
      "sync" : {
        "total_ios" : 0,
        "lat_ns" : {
          "min" : 0,
          "max" : 0,
          "mean" : 0.000000,
          "stddev" : 0.000000,
          "N" : 0
        }
      },
      "job_runtime" : 10001,
      "usr_cpu" : 0.039996,
      "sys_cpu" : 21.627837,
      "ctx" : 19561,
      "majf" : 0,
      "minf" : 13,
      "iodepth_level" : {
        "1" : 100.000000,
        "2" : 0.000000,
        "4" : 0.000000,
        "8" : 0.000000,
        "16" : 0.000000,
        "32" : 0.000000,
        ">=64" : 0.000000
      },
      "iodepth_submit" : {
        "0" : 0.000000,
        "4" : 100.000000,
        "8" : 0.000000,
        "16" : 0.000000,
        "32" : 0.000000,
        "64" : 0.000000,
        ">=64" : 0.000000
      },
      "iodepth_complete" : {
        "0" : 0.000000,
        "4" : 100.000000,
        "8" : 0.000000,
        "16" : 0.000000,
        "32" : 0.000000,
        "64" : 0.000000,
        ">=64" : 0.000000
      },
      "latency_ns" : {
        "2" : 0.000000,
        "4" : 0.000000,
        "10" : 0.000000,
        "20" : 0.000000,
        "50" : 0.000000,
        "100" : 0.000000,
        "250" : 0.000000,
        "500" : 0.000000,
        "750" : 0.000000,
        "1000" : 0.000000
      },
      "latency_us" : {
        "2" : 0.000000,
        "4" : 0.000000,
        "10" : 0.000000,
        "20" : 0.000000,
        "50" : 0.000000,
        "100" : 0.000000,
        "250" : 40.162957,
        "500" : 43.789746,
        "750" : 10.229531,
        "1000" : 1.157591
      },
      "latency_ms" : {
        "2" : 0.745231,
        "4" : 2.136328,
        "10" : 1.728935,
        "20" : 0.049682,
        "50" : 0.000000,
        "100" : 0.000000,
        "250" : 0.000000,
        "500" : 0.000000,
        "750" : 0.000000,
        "1000" : 0.000000,
        "2000" : 0.000000,
        ">=2000" : 0.000000
      },
      "latency_depth" : 1,
      "latency_target" : 0,
      "latency_percentile" : 100.000000,
      "latency_window" : 0
    }
  ],
  "disk_util" : [
    {
      "name" : "sda",
      "read_ios" : 9970,
      "write_ios" : 9965,
      "read_sectors" : 2552320,
      "write_sectors" : 2549888,
      "read_merges" : 0,
      "write_merges" : 10,
      "read_ticks" : 6865,
      "write_ticks" : 1434,
      "in_queue" : 8313,
      "util" : 71.677516
    }
  ]
}
