{
  "fio version" : "fio-3.36",
  "timestamp" : 1765152832,
  "timestamp_ms" : 1765152832107,
  "time" : "Mon Dec  8 00:13:52 2025",
  "jobs" : [
    {
      "jobname" : "test",
      "groupid" : 0,
      "job_start" : 1765152822089,
      "error" : 0,
      "eta" : 0,
      "elapsed" : 11,
      "job options" : {
        "name" : "test",
        "filename" : "./testfile",
        "rw" : "randrw",
        "filesize" : "500M",
        "bs" : "128k",
        "numjobs" : "1",
        "iodepth" : "1",
        "direct" : "1",
        "runtime" : "10"
      },
      "read" : {
        "io_bytes" : 1183055872,
        "io_kbytes" : 1155328,
        "bw_bytes" : 118293757,
        "bw" : 115521,
        "iops" : 902.509749,
        "runtime" : 10001,
        "total_ios" : 9026,
        "short_ios" : 0,
        "drop_ios" : 0,
        "slat_ns" : {
          "min" : 0,
          "max" : 0,
          "mean" : 0.000000,
          "stddev" : 0.000000,
          "N" : 0
        },
        "clat_ns" : {
          "min" : 183878,
          "max" : 310583893,
          "mean" : 873753.338467,
          "stddev" : 4357871.241104,
          "N" : 9026,
          "percentile" : {
            "1.000000" : 337920,
            "5.000000" : 362496,
            "10.000000" : 378880,
            "20.000000" : 399360,
            "30.000000" : 419840,
            "40.000000" : 436224,
            "50.000000" : 456704,
            "60.000000" : 489472,
            "70.000000" : 536576,
            "80.000000" : 618496,
            "90.000000" : 962560,
            "95.000000" : 3325952,
            "99.000000" : 6062080,
            "99.500000" : 6914048,
            "99.900000" : 12124160,
            "99.950000" : 78118912,
            "99.990000" : 312475648
          }
        },
        "lat_ns" : {
          "min" : 183907,
          "max" : 310583956,
          "mean" : 873828.536450,
          "stddev" : 4357872.711571,
          "N" : 9026
        },
        "bw_min" : 4352,
        "bw_max" : 137472,
        "bw_agg" : 99.255334,
        "bw_mean" : 114661.842105,
        "bw_dev" : 32783.006901,
        "bw_samples" : 19,
        "iops_min" : 34,
        "iops_max" : 1074,
        "iops_mean" : 895.789474,
        "iops_stddev" : 256.115334,
        "iops_samples" : 19
      },
      "write" : {
        "io_bytes" : 1182400512,
        "io_kbytes" : 1154688,
        "bw_bytes" : 118228228,
        "bw" : 115457,
        "iops" : 902.009799,
        "runtime" : 10001,
        "total_ios" : 9021,
        "short_ios" : 0,
        "drop_ios" : 0,
        "slat_ns" : {
          "min" : 0,
          "max" : 0,
          "mean" : 0.000000,
          "stddev" : 0.000000,
          "N" : 0
        },
        "clat_ns" : {
          "min" : 179435,
          "max" : 5772196,
          "mean" : 229775.127480,
          "stddev" : 122132.042309,
          "N" : 9021,
          "percentile" : {
            "1.000000" : 181248,
            "5.000000" : 183296,
            "10.000000" : 185344,
            "20.000000" : 187392,
            "30.000000" : 189440,
            "40.000000" : 193536,
            "50.000000" : 199680,
            "60.000000" : 211968,
            "70.000000" : 238592,
            "80.000000" : 254976,
            "90.000000" : 280576,
            "95.000000" : 333824,
            "99.000000" : 585728,
            "99.500000" : 716800,
            "99.900000" : 1105920,
            "99.950000" : 1810432,
            "99.990000" : 5799936
          }
        },
        "lat_ns" : {
          "min" : 180744,
          "max" : 5774534,
          "mean" : 232185.693604,
          "stddev" : 124067.351825,
          "N" : 9021
        },
        "bw_min" : 5632,
        "bw_max" : 137708,
        "bw_agg" : 99.577113,
        "bw_mean" : 114969.157895,
        "bw_dev" : 32739.918315,
        "bw_samples" : 19,
        "iops_min" : 44,
        "iops_max" : 1075,
        "iops_mean" : 898.052632,
        "iops_stddev" : 255.696755,
        "iops_samples" : 19
      },
      "trim" : {
        "io_bytes" : 0,
        "io_kbytes" : 0,
        "bw_bytes" : 0,
        "bw" : 0,
        "iops" : 0.000000,
        "runtime" : 0,
        "total_ios" : 0,
        "short_ios" : 0,
        "drop_ios" : 0,
        "slat_ns" : {
          "min" : 0,
          "max" : 0,
          "mean" : 0.000000,
          "stddev" : 0.000000,
          "N" : 0
        },
        "clat_ns" : {
          "min" : 0,
          "max" : 0,
          "mean" : 0.000000,
          "stddev" : 0.000000,
          "N" : 0
        },
        "lat_ns" : {
          "min" : 0,
          "max" : 0,
          "mean" : 0.000000,
          "stddev" : 0.000000,
          "N" : 0
        },
        "bw_min" : 0,
        "bw_max" : 0,
        "bw_agg" : 0.000000,
        "bw_mean" : 0.000000,
        "bw_dev" : 0.000000,
        "bw_samples" : 0,
        "iops_min" : 0,
        "iops_max" : 0,
        "iops_mean" : 0.000000,
        "iops_stddev" : 0.000000,
        "iops_samples" : 0
      },
      "sync" : {
        "total_ios" : 0,
        "lat_ns" : {
          "min" : 0,
          "max" : 0,
          "mean" : 0.000000,
          "stddev" : 0.000000,
          "N" : 0
        }
      },
      "job_runtime" : 10000,
      "usr_cpu" : 0.020000,
      "sys_cpu" : 19.780000,
      "ctx" : 17558,
      "majf" : 0,
      "minf" : 13,
      "iodepth_level" : {
        "1" : 100.000000,
        "2" : 0.000000,
        "4" : 0.000000,
        "8" : 0.000000,
        "16" : 0.000000,
        "32" : 0.000000,
        ">=64" : 0.000000
      },
      "iodepth_submit" : {
        "0" : 0.000000,
        "4" : 100.000000,
        "8" : 0.000000,
        "16" : 0.000000,
        "32" : 0.000000,
        "64" : 0.000000,
        ">=64" : 0.000000
      },
      "iodepth_complete" : {
        "0" : 0.000000,
        "4" : 100.000000,
        "8" : 0.000000,
        "16" : 0.000000,
        "32" : 0.000000,
        "64" : 0.000000,
        ">=64" : 0.000000
      },
      "latency_ns" : {
        "2" : 0.000000,
        "4" : 0.000000,
        "10" : 0.000000,
        "20" : 0.000000,
        "50" : 0.000000,
        "100" : 0.000000,
        "250" : 0.000000,
        "500" : 0.000000,
        "750" : 0.000000,
        "1000" : 0.000000
      },
      "latency_us" : {
        "2" : 0.000000,
        "4" : 0.000000,
        "10" : 0.000000,
        "20" : 0.000000,
        "50" : 0.000000,
        "100" : 0.000000,
        "250" : 37.679393,
        "500" : 42.888015,
        "750" : 12.877487,
        "1000" : 1.562587
      },
      "latency_ms" : {
        "2" : 1.019560,
        "4" : 2.238599,
        "10" : 1.667867,
        "20" : 0.033247,
        "50" : 0.000000,
        "100" : 0.016623,
        "250" : 0.011082,
        "500" : 0.010000,
        "750" : 0.000000,
        "1000" : 0.000000,
        "2000" : 0.000000,
        ">=2000" : 0.000000
      },
      "latency_depth" : 1,
      "latency_target" : 0,
      "latency_percentile" : 100.000000,
      "latency_window" : 0
    }
  ],
  "disk_util" : [
    {
      "name" : "sda",
      "read_ios" : 8914,
      "write_ios" : 8922,
      "read_sectors" : 2281984,
      "write_sectors" : 2282872,
      "read_merges" : 0,
      "write_merges" : 9,
      "read_ticks" : 7072,
      "write_ticks" : 1346,
      "in_queue" : 8431,
      "util" : 72.697237
    }
  ]
}
