{
  "fio version" : "fio-3.36",
  "timestamp" : 1765152852,
  "timestamp_ms" : 1765152852654,
  "time" : "Mon Dec  8 00:14:12 2025",
  "jobs" : [
    {
      "jobname" : "test",
      "groupid" : 0,
      "job_start" : 1765152842640,
      "error" : 0,
      "eta" : 0,
      "elapsed" : 11,
      "job options" : {
        "name" : "test",
        "filename" : "./testfile",
        "rw" : "randrw",
        "filesize" : "500M",
        "bs" : "128k",
        "numjobs" : "1",
        "iodepth" : "1",
        "direct" : "1",
        "runtime" : "10"
      },
      "read" : {
        "io_bytes" : 1122893824,
        "io_kbytes" : 1096576,
        "bw_bytes" : 112278154,
        "bw" : 109646,
        "iops" : 856.614339,
        "runtime" : 10001,
        "total_ios" : 8567,
        "short_ios" : 0,
        "drop_ios" : 0,
        "slat_ns" : {
          "min" : 0,
          "max" : 0,
          "mean" : 0.000000,
          "stddev" : 0.000000,
          "N" : 0
        },
        "clat_ns" : {
          "min" : 181916,
          "max" : 260688661,
          "mean" : 910415.510330,
          "stddev" : 3913442.494465,
          "N" : 8567,
          "percentile" : {
            "1.000000" : 333824,
            "5.000000" : 366592,
            "10.000000" : 382976,
            "20.000000" : 415744,
            "30.000000" : 436224,
            "40.000000" : 464896,
            "50.000000" : 501760,
            "60.000000" : 552960,
            "70.000000" : 610304,
            "80.000000" : 675840,
            "90.000000" : 946176,
            "95.000000" : 3325952,
            "99.000000" : 6127616,
            "99.500000" : 7110656,
            "99.900000" : 21364736,
            "99.950000" : 66846720,
            "99.990000" : 261095424
          }
        },
        "lat_ns" : {
          "min" : 181979,
          "max" : 260688785,
          "mean" : 910497.984942,
          "stddev" : 3913445.266920,
          "N" : 8567
        },
        "bw_min" : 8960,
        "bw_max" : 134912,
        "bw_agg" : 99.804249,
        "bw_mean" : 109432.842105,
        "bw_dev" : 34707.036279,
        "bw_samples" : 19,
        "iops_min" : 70,
        "iops_max" : 1054,
        "iops_mean" : 854.894737,
        "iops_stddev" : 271.115575,
        "iops_samples" : 19
      },
      "write" : {
        "io_bytes" : 1124859904,
        "io_kbytes" : 1098496,
        "bw_bytes" : 112474742,
        "bw" : 109838,
        "iops" : 858.114189,
        "runtime" : 10001,
        "total_ios" : 8582,
        "short_ios" : 0,
        "drop_ios" : 0,
        "slat_ns" : {
          "min" : 0,
          "max" : 0,
          "mean" : 0.000000,
          "stddev" : 0.000000,
          "N" : 0
        },
        "clat_ns" : {
          "min" : 179416,
          "max" : 180507192,
          "mean" : 252087.847821,
          "stddev" : 1949679.529704,
          "N" : 8582,
          "percentile" : {
            "1.000000" : 181248,
            "5.000000" : 183296,
            "10.000000" : 185344,
            "20.000000" : 187392,
            "30.000000" : 189440,
            "40.000000" : 191488,
            "50.000000" : 199680,
            "60.000000" : 216064,
            "70.000000" : 242688,
            "80.000000" : 257024,
            "90.000000" : 288768,
            "95.000000" : 342016,
            "99.000000" : 577536,
            "99.500000" : 708608,
            "99.900000" : 1105920,
            "99.950000" : 1286144,
            "99.990000" : 181403648
          }
        },
        "lat_ns" : {
          "min" : 180755,
          "max" : 180508719,
          "mean" : 254354.997436,
          "stddev" : 1949681.748811,
          "N" : 8582
        },
        "bw_min" : 11264,
        "bw_max" : 136960,
        "bw_agg" : 100.000000,
        "bw_mean" : 110053.684211,
        "bw_dev" : 34558.842196,
        "bw_samples" : 19,
        "iops_min" : 88,
        "iops_max" : 1070,
        "iops_mean" : 859.789474,
        "iops_stddev" : 269.989214,
        "iops_samples" : 19
      },
      "trim" : {
        "io_bytes" : 0,
        "io_kbytes" : 0,
        "bw_bytes" : 0,
        "bw" : 0,
        "iops" : 0.000000,
        "runtime" : 0,
        "total_ios" : 0,
        "short_ios" : 0,
        "drop_ios" : 0,
        "slat_ns" : {
          "min" : 0,
          "max" : 0,
          "mean" : 0.000000,
          "stddev" : 0.000000,
          "N" : 0
        },
        "clat_ns" : {
          "min" : 0,
          "max" : 0,
          "mean" : 0.000000,
          "stddev" : 0.000000,
          "N" : 0
        },
        "lat_ns" : {
          "min" : 0,
          "max" : 0,
          "mean" : 0.000000,
          "stddev" : 0.000000,
          "N" : 0
        },
        "bw_min" : 0,
        "bw_max" : 0,
        "bw_agg" : 0.000000,
        "bw_mean" : 0.000000,
        "bw_dev" : 0.000000,
        "bw_samples" : 0,
        "iops_min" : 0,
        "iops_max" : 0,
        "iops_mean" : 0.000000,
        "iops_stddev" : 0.000000,
        "iops_samples" : 0
      },
      "sync" : {
        "total_ios" : 0,
        "lat_ns" : {
          "min" : 0,
          "max" : 0,
          "mean" : 0.000000,
          "stddev" : 0.000000,
          "N" : 0
        }
      },
      "job_runtime" : 10000,
      "usr_cpu" : 0.000000,
      "sys_cpu" : 18.790000,
      "ctx" : 16690,
      "majf" : 0,
      "minf" : 14,
      "iodepth_level" : {
        "1" : 100.000000,
        "2" : 0.000000,
        "4" : 0.000000,
        "8" : 0.000000,
        "16" : 0.000000,
        "32" : 0.000000,
        ">=64" : 0.000000
      },
      "iodepth_submit" : {
        "0" : 0.000000,
        "4" : 100.000000,
        "8" : 0.000000,
        "16" : 0.000000,
        "32" : 0.000000,
        "64" : 0.000000,
        ">=64" : 0.000000
      },
      "iodepth_complete" : {
        "0" : 0.000000,
        "4" : 100.000000,
        "8" : 0.000000,
        "16" : 0.000000,
        "32" : 0.000000,
        "64" : 0.000000,
        ">=64" : 0.000000
      },
      "latency_ns" : {
        "2" : 0.000000,
        "4" : 0.000000,
        "10" : 0.000000,
        "20" : 0.000000,
        "50" : 0.000000,
        "100" : 0.000000,
        "250" : 0.000000,
        "500" : 0.000000,
        "750" : 0.000000,
        "1000" : 0.000000
      },
      "latency_us" : {
        "2" : 0.000000,
        "4" : 0.000000,
        "10" : 0.000000,
        "20" : 0.000000,
        "50" : 0.000000,
        "100" : 0.000000,
        "250" : 37.080879,
        "500" : 36.888448,
        "750" : 18.729955,
        "1000" : 2.449122
      },
      "latency_ms" : {
        "2" : 0.997143,
        "4" : 1.970960,
        "10" : 1.790192,
        "20" : 0.034987,
        "50" : 0.011662,
        "100" : 0.017494,
        "250" : 0.023325,
        "500" : 0.010000,
        "750" : 0.000000,
        "1000" : 0.000000,
        "2000" : 0.000000,
        ">=2000" : 0.000000
      },
      "latency_depth" : 1,
      "latency_target" : 0,
      "latency_percentile" : 100.000000,
      "latency_window" : 0
    }
  ],
  "disk_util" : [
    {
      "name" : "sda",
      "read_ios" : 8468,
      "write_ios" : 8507,
      "read_sectors" : 2167808,
      "write_sectors" : 2174912,
      "read_merges" : 0,
      "write_merges" : 11,
      "read_ticks" : 7017,
      "write_ticks" : 1485,
      "in_queue" : 8517,
      "util" : 73.239860
    }
  ]
}
