{
  "fio version" : "fio-3.36",
  "timestamp" : 1764722319,
  "timestamp_ms" : 1764722319487,
  "time" : "Wed Dec  3 00:38:39 2025",
  "jobs" : [
    {
      "jobname" : "test",
      "groupid" : 0,
      "job_start" : 1764722309515,
      "error" : 0,
      "eta" : 0,
      "elapsed" : 11,
      "job options" : {
        "name" : "test",
        "filename" : "./testfile",
        "rw" : "randrw",
        "filesize" : "100M",
        "bs" : "128k",
        "numjobs" : "1",
        "iodepth" : "1",
        "direct" : "1",
        "runtime" : "10"
      },
      "read" : {
        "io_bytes" : 1026031616,
        "io_kbytes" : 1001984,
        "bw_bytes" : 102592902,
        "bw" : 100188,
        "iops" : 782.721728,
        "runtime" : 10001,
        "total_ios" : 7828,
        "short_ios" : 0,
        "drop_ios" : 0,
        "slat_ns" : {
          "min" : 0,
          "max" : 0,
          "mean" : 0.000000,
          "stddev" : 0.000000,
          "N" : 0
        },
        "clat_ns" : {
          "min" : 439232,
          "max" : 19078859,
          "mean" : 774411.061191,
          "stddev" : 486715.781014,
          "N" : 7828,
          "percentile" : {
            "1.000000" : 444416,
            "5.000000" : 473088,
            "10.000000" : 536576,
            "20.000000" : 602112,
            "30.000000" : 684032,
            "40.000000" : 733184,
            "50.000000" : 774144,
            "60.000000" : 823296,
            "70.000000" : 864256,
            "80.000000" : 888832,
            "90.000000" : 962560,
            "95.000000" : 1011712,
            "99.000000" : 1073152,
            "99.500000" : 1105920,
            "99.900000" : 7372800,
            "99.950000" : 17170432,
            "99.990000" : 19005440
          }
        },
        "lat_ns" : {
          "min" : 439445,
          "max" : 19079421,
          "mean" : 774982.582397,
          "stddev" : 486777.657125,
          "N" : 7828
        },
        "bw_min" : 87808,
        "bw_max" : 111872,
        "bw_agg" : 100.000000,
        "bw_mean" : 100323.473684,
        "bw_dev" : 7819.722731,
        "bw_samples" : 19,
        "iops_min" : 686,
        "iops_max" : 874,
        "iops_mean" : 783.578947,
        "iops_stddev" : 61.037617,
        "iops_samples" : 19
      },
      "write" : {
        "io_bytes" : 1032454144,
        "io_kbytes" : 1008256,
        "bw_bytes" : 103235090,
        "bw" : 100815,
        "iops" : 787.621238,
        "runtime" : 10001,
        "total_ios" : 7877,
        "short_ios" : 0,
        "drop_ios" : 0,
        "slat_ns" : {
          "min" : 0,
          "max" : 0,
          "mean" : 0.000000,
          "stddev" : 0.000000,
          "N" : 0
        },
        "clat_ns" : {
          "min" : 278193,
          "max" : 20335437,
          "mean" : 467701.563412,
          "stddev" : 408660.695416,
          "N" : 7877,
          "percentile" : {
            "1.000000" : 280576,
            "5.000000" : 284672,
            "10.000000" : 288768,
            "20.000000" : 296960,
            "30.000000" : 313344,
            "40.000000" : 354304,
            "50.000000" : 509952,
            "60.000000" : 561152,
            "70.000000" : 577536,
            "80.000000" : 593920,
            "90.000000" : 610304,
            "95.000000" : 626688,
            "99.000000" : 659456,
            "99.500000" : 675840,
            "99.900000" : 1089536,
            "99.950000" : 7110656,
            "99.990000" : 20316160
          }
        },
        "lat_ns" : {
          "min" : 282974,
          "max" : 20362061,
          "mean" : 478680.945157,
          "stddev" : 409268.695193,
          "N" : 7877
        },
        "bw_min" : 84992,
        "bw_max" : 112159,
        "bw_agg" : 100.000000,
        "bw_mean" : 100848.315789,
        "bw_dev" : 7842.190674,
        "bw_samples" : 19,
        "iops_min" : 664,
        "iops_max" : 876,
        "iops_mean" : 787.684211,
        "iops_stddev" : 61.218237,
        "iops_samples" : 19
      },
      "trim" : {
        "io_bytes" : 0,
        "io_kbytes" : 0,
        "bw_bytes" : 0,
        "bw" : 0,
        "iops" : 0.000000,
        "runtime" : 0,
        "total_ios" : 0,
        "short_ios" : 0,
        "drop_ios" : 0,
        "slat_ns" : {
          "min" : 0,
          "max" : 0,
          "mean" : 0.000000,
          "stddev" : 0.000000,
          "N" : 0
        },
        "clat_ns" : {
          "min" : 0,
          "max" : 0,
          "mean" : 0.000000,
          "stddev" : 0.000000,
          "N" : 0
        },
        "lat_ns" : {
          "min" : 0,
          "max" : 0,
          "mean" : 0.000000,
          "stddev" : 0.000000,
          "N" : 0
        },
        "bw_min" : 0,
        "bw_max" : 0,
        "bw_agg" : 0.000000,
        "bw_mean" : 0.000000,
        "bw_dev" : 0.000000,
        "bw_samples" : 0,
        "iops_min" : 0,
        "iops_max" : 0,
        "iops_mean" : 0.000000,
        "iops_stddev" : 0.000000,
        "iops_samples" : 0
      },
      "sync" : {
        "total_ios" : 0,
        "lat_ns" : {
          "min" : 0,
          "max" : 0,
          "mean" : 0.000000,
          "stddev" : 0.000000,
          "N" : 0
        }
      },
      "job_runtime" : 10000,
      "usr_cpu" : 4.750000,
      "sys_cpu" : 15.050000,
      "ctx" : 15716,
      "majf" : 0,
      "minf" : 14,
      "iodepth_level" : {
        "1" : 100.000000,
        "2" : 0.000000,
        "4" : 0.000000,
        "8" : 0.000000,
        "16" : 0.000000,
        "32" : 0.000000,
        ">=64" : 0.000000
      },
      "iodepth_submit" : {
        "0" : 0.000000,
        "4" : 100.000000,
        "8" : 0.000000,
        "16" : 0.000000,
        "32" : 0.000000,
        "64" : 0.000000,
        ">=64" : 0.000000
      },
      "iodepth_complete" : {
        "0" : 0.000000,
        "4" : 100.000000,
        "8" : 0.000000,
        "16" : 0.000000,
        "32" : 0.000000,
        "64" : 0.000000,
        ">=64" : 0.000000
      },
      "latency_ns" : {
        "2" : 0.000000,
        "4" : 0.000000,
        "10" : 0.000000,
        "20" : 0.000000,
        "50" : 0.000000,
        "100" : 0.000000,
        "250" : 0.000000,
        "500" : 0.000000,
        "750" : 0.000000,
        "1000" : 0.000000
      },
      "latency_us" : {
        "2" : 0.000000,
        "4" : 0.000000,
        "10" : 0.000000,
        "20" : 0.000000,
        "50" : 0.000000,
        "100" : 0.000000,
        "250" : 0.000000,
        "500" : 27.704553,
        "750" : 44.215218,
        "1000" : 24.750080
      },
      "latency_ms" : {
        "2" : 3.215536,
        "4" : 0.012735,
        "10" : 0.050939,
        "20" : 0.044572,
        "50" : 0.010000,
        "100" : 0.000000,
        "250" : 0.000000,
        "500" : 0.000000,
        "750" : 0.000000,
        "1000" : 0.000000,
        "2000" : 0.000000,
        ">=2000" : 0.000000
      },
      "latency_depth" : 1,
      "latency_target" : 0,
      "latency_percentile" : 100.000000,
      "latency_window" : 0
    }
  ],
  "disk_util" : [
    {
      "name" : "sda",
      "read_ios" : 7779,
      "write_ios" : 7843,
      "read_sectors" : 1991424,
      "write_sectors" : 2006640,
      "read_merges" : 0,
      "write_merges" : 8,
      "read_ticks" : 5360,
      "write_ticks" : 3044,
      "in_queue" : 8408,
      "util" : 84.057103
    }
  ]
}
