{
  "fio version" : "fio-3.36",
  "timestamp" : 1765157006,
  "timestamp_ms" : 1765157006847,
  "time" : "Mon Dec  8 01:23:26 2025",
  "jobs" : [
    {
      "jobname" : "test",
      "groupid" : 0,
      "job_start" : 1765156996836,
      "error" : 0,
      "eta" : 0,
      "elapsed" : 11,
      "job options" : {
        "name" : "test",
        "filename" : "./testfile",
        "rw" : "read",
        "filesize" : "500M",
        "bs" : "128k",
        "numjobs" : "1",
        "iodepth" : "1",
        "direct" : "1",
        "runtime" : "10"
      },
      "read" : {
        "io_bytes" : 3837001728,
        "io_kbytes" : 3747072,
        "bw_bytes" : 383661806,
        "bw" : 374669,
        "iops" : 2927.107289,
        "runtime" : 10001,
        "total_ios" : 29274,
        "short_ios" : 0,
        "drop_ios" : 0,
        "slat_ns" : {
          "min" : 0,
          "max" : 0,
          "mean" : 0.000000,
          "stddev" : 0.000000,
          "N" : 0
        },
        "clat_ns" : {
          "min" : 177514,
          "max" : 3075211,
          "mean" : 340737.773587,
          "stddev" : 129009.973193,
          "N" : 29274,
          "percentile" : {
            "1.000000" : 250880,
            "5.000000" : 252928,
            "10.000000" : 254976,
            "20.000000" : 261120,
            "30.000000" : 268288,
            "40.000000" : 280576,
            "50.000000" : 309248,
            "60.000000" : 329728,
            "70.000000" : 354304,
            "80.000000" : 387072,
            "90.000000" : 456704,
            "95.000000" : 544768,
            "99.000000" : 872448,
            "99.500000" : 1019904,
            "99.900000" : 1417216,
            "99.950000" : 1761280,
            "99.990000" : 2637824
          }
        },
        "lat_ns" : {
          "min" : 177556,
          "max" : 3075368,
          "mean" : 340803.080413,
          "stddev" : 129023.396457,
          "N" : 29274
        },
        "bw_min" : 355072,
        "bw_max" : 393216,
        "bw_agg" : 99.779344,
        "bw_mean" : 373843.000000,
        "bw_dev" : 11373.538192,
        "bw_samples" : 19,
        "iops_min" : 2774,
        "iops_max" : 3072,
        "iops_mean" : 2920.631579,
        "iops_stddev" : 88.857070,
        "iops_samples" : 19
      },
      "write" : {
        "io_bytes" : 0,
        "io_kbytes" : 0,
        "bw_bytes" : 0,
        "bw" : 0,
        "iops" : 0.000000,
        "runtime" : 0,
        "total_ios" : 0,
        "short_ios" : 0,
        "drop_ios" : 0,
        "slat_ns" : {
          "min" : 0,
          "max" : 0,
          "mean" : 0.000000,
          "stddev" : 0.000000,
          "N" : 0
        },
        "clat_ns" : {
          "min" : 0,
          "max" : 0,
          "mean" : 0.000000,
          "stddev" : 0.000000,
          "N" : 0
        },
        "lat_ns" : {
          "min" : 0,
          "max" : 0,
          "mean" : 0.000000,
          "stddev" : 0.000000,
          "N" : 0
        },
        "bw_min" : 0,
        "bw_max" : 0,
        "bw_agg" : 0.000000,
        "bw_mean" : 0.000000,
        "bw_dev" : 0.000000,
        "bw_samples" : 0,
        "iops_min" : 0,
        "iops_max" : 0,
        "iops_mean" : 0.000000,
        "iops_stddev" : 0.000000,
        "iops_samples" : 0
      },
      "trim" : {
        "io_bytes" : 0,
        "io_kbytes" : 0,
        "bw_bytes" : 0,
        "bw" : 0,
        "iops" : 0.000000,
        "runtime" : 0,
        "total_ios" : 0,
        "short_ios" : 0,
        "drop_ios" : 0,
        "slat_ns" : {
          "min" : 0,
          "max" : 0,
          "mean" : 0.000000,
          "stddev" : 0.000000,
          "N" : 0
        },
        "clat_ns" : {
          "min" : 0,
          "max" : 0,
          "mean" : 0.000000,
          "stddev" : 0.000000,
          "N" : 0
        },
        "lat_ns" : {
          "min" : 0,
          "max" : 0,
          "mean" : 0.000000,
          "stddev" : 0.000000,
          "N" : 0
        },
        "bw_min" : 0,
        "bw_max" : 0,
        "bw_agg" : 0.000000,
        "bw_mean" : 0.000000,
        "bw_dev" : 0.000000,
        "bw_samples" : 0,
        "iops_min" : 0,
        "iops_max" : 0,
        "iops_mean" : 0.000000,
        "iops_stddev" : 0.000000,
        "iops_samples" : 0
      },
      "sync" : {
        "total_ios" : 0,
        "lat_ns" : {
          "min" : 0,
          "max" : 0,
          "mean" : 0.000000,
          "stddev" : 0.000000,
          "N" : 0
        }
      },
      "job_runtime" : 10000,
      "usr_cpu" : 0.000000,
      "sys_cpu" : 30.260000,
      "ctx" : 29205,
      "majf" : 0,
      "minf" : 46,
      "iodepth_level" : {
        "1" : 100.000000,
        "2" : 0.000000,
        "4" : 0.000000,
        "8" : 0.000000,
        "16" : 0.000000,
        "32" : 0.000000,
        ">=64" : 0.000000
      },
      "iodepth_submit" : {
        "0" : 0.000000,
        "4" : 100.000000,
        "8" : 0.000000,
        "16" : 0.000000,
        "32" : 0.000000,
        "64" : 0.000000,
        ">=64" : 0.000000
      },
      "iodepth_complete" : {
        "0" : 0.000000,
        "4" : 100.000000,
        "8" : 0.000000,
        "16" : 0.000000,
        "32" : 0.000000,
        "64" : 0.000000,
        ">=64" : 0.000000
      },
      "latency_ns" : {
        "2" : 0.000000,
        "4" : 0.000000,
        "10" : 0.000000,
        "20" : 0.000000,
        "50" : 0.000000,
        "100" : 0.000000,
        "250" : 0.000000,
        "500" : 0.000000,
        "750" : 0.000000,
        "1000" : 0.000000
      },
      "latency_us" : {
        "2" : 0.000000,
        "4" : 0.000000,
        "10" : 0.000000,
        "20" : 0.000000,
        "50" : 0.000000,
        "100" : 0.000000,
        "250" : 0.953064,
        "500" : 92.170527,
        "750" : 4.987361,
        "1000" : 1.352736
      },
      "latency_ms" : {
        "2" : 0.498736,
        "4" : 0.037576,
        "10" : 0.000000,
        "20" : 0.000000,
        "50" : 0.000000,
        "100" : 0.000000,
        "250" : 0.000000,
        "500" : 0.000000,
        "750" : 0.000000,
        "1000" : 0.000000,
        "2000" : 0.000000,
        ">=2000" : 0.000000
      },
      "latency_depth" : 1,
      "latency_target" : 0,
      "latency_percentile" : 100.000000,
      "latency_window" : 0
    }
  ],
  "disk_util" : [
    {
      "name" : "sda",
      "read_ios" : 28565,
      "write_ios" : 36,
      "read_sectors" : 7312640,
      "write_sectors" : 456,
      "read_merges" : 0,
      "write_merges" : 10,
      "read_ticks" : 7517,
      "write_ticks" : 21,
      "in_queue" : 7542,
      "util" : 61.259890
    }
  ]
}
