{
  "fio version" : "fio-3.36",
  "timestamp" : 1765185163,
  "timestamp_ms" : 1765185163407,
  "time" : "Mon Dec  8 09:12:43 2025",
  "jobs" : [
    {
      "jobname" : "test",
      "groupid" : 0,
      "job_start" : 1765185153392,
      "error" : 0,
      "eta" : 0,
      "elapsed" : 11,
      "job options" : {
        "name" : "test",
        "filename" : "./testfile",
        "rw" : "randrw",
        "filesize" : "1G",
        "bs" : "128k",
        "numjobs" : "1",
        "iodepth" : "1",
        "direct" : "1",
        "runtime" : "10"
      },
      "read" : {
        "io_bytes" : 609222656,
        "io_kbytes" : 594944,
        "bw_bytes" : 60916173,
        "bw" : 59488,
        "iops" : 464.753525,
        "runtime" : 10001,
        "total_ios" : 4648,
        "short_ios" : 0,
        "drop_ios" : 0,
        "slat_ns" : {
          "min" : 0,
          "max" : 0,
          "mean" : 0.000000,
          "stddev" : 0.000000,
          "N" : 0
        },
        "clat_ns" : {
          "min" : 442381,
          "max" : 338126647,
          "mean" : 1216299.780551,
          "stddev" : 5577686.213772,
          "N" : 4648,
          "percentile" : {
            "1.000000" : 485376,
            "5.000000" : 514048,
            "10.000000" : 544768,
            "20.000000" : 585728,
            "30.000000" : 618496,
            "40.000000" : 667648,
            "50.000000" : 716800,
            "60.000000" : 765952,
            "70.000000" : 815104,
            "80.000000" : 880640,
            "90.000000" : 1019904,
            "95.000000" : 2473984,
            "99.000000" : 11206656,
            "99.500000" : 17956864,
            "99.900000" : 20578304,
            "99.950000" : 72876032,
            "99.990000" : 337641472
          }
        },
        "lat_ns" : {
          "min" : 442506,
          "max" : 338127433,
          "mean" : 1216673.814974,
          "stddev" : 5577751.472090,
          "N" : 4648
        },
        "bw_min" : 3072,
        "bw_max" : 118016,
        "bw_agg" : 100.000000,
        "bw_mean" : 60002.388889,
        "bw_dev" : 51214.799965,
        "bw_samples" : 18,
        "iops_min" : 24,
        "iops_max" : 922,
        "iops_mean" : 468.666667,
        "iops_stddev" : 400.231845,
        "iops_samples" : 18
      },
      "write" : {
        "io_bytes" : 620625920,
        "io_kbytes" : 606080,
        "bw_bytes" : 62056386,
        "bw" : 60601,
        "iops" : 473.452655,
        "runtime" : 10001,
        "total_ios" : 4735,
        "short_ios" : 0,
        "drop_ios" : 0,
        "slat_ns" : {
          "min" : 0,
          "max" : 0,
          "mean" : 0.000000,
          "stddev" : 0.000000,
          "N" : 0
        },
        "clat_ns" : {
          "min" : 279270,
          "max" : 914285846,
          "mean" : 894744.710454,
          "stddev" : 14208799.642463,
          "N" : 4735,
          "percentile" : {
            "1.000000" : 284672,
            "5.000000" : 288768,
            "10.000000" : 292864,
            "20.000000" : 296960,
            "30.000000" : 309248,
            "40.000000" : 317440,
            "50.000000" : 321536,
            "60.000000" : 342016,
            "70.000000" : 370688,
            "80.000000" : 528384,
            "90.000000" : 602112,
            "95.000000" : 692224,
            "99.000000" : 10420224,
            "99.500000" : 17432576,
            "99.900000" : 18481152,
            "99.950000" : 21364736,
            "99.990000" : 910163968
          }
        },
        "lat_ns" : {
          "min" : 285358,
          "max" : 914291557,
          "mean" : 904941.239071,
          "stddev" : 14208833.863884,
          "N" : 4735
        },
        "bw_min" : 2048,
        "bw_max" : 121088,
        "bw_agg" : 100.000000,
        "bw_mean" : 61580.944444,
        "bw_dev" : 52153.956243,
        "bw_samples" : 18,
        "iops_min" : 16,
        "iops_max" : 946,
        "iops_mean" : 481.000000,
        "iops_stddev" : 407.567822,
        "iops_samples" : 18
      },
      "trim" : {
        "io_bytes" : 0,
        "io_kbytes" : 0,
        "bw_bytes" : 0,
        "bw" : 0,
        "iops" : 0.000000,
        "runtime" : 0,
        "total_ios" : 0,
        "short_ios" : 0,
        "drop_ios" : 0,
        "slat_ns" : {
          "min" : 0,
          "max" : 0,
          "mean" : 0.000000,
          "stddev" : 0.000000,
          "N" : 0
        },
        "clat_ns" : {
          "min" : 0,
          "max" : 0,
          "mean" : 0.000000,
          "stddev" : 0.000000,
          "N" : 0
        },
        "lat_ns" : {
          "min" : 0,
          "max" : 0,
          "mean" : 0.000000,
          "stddev" : 0.000000,
          "N" : 0
        },
        "bw_min" : 0,
        "bw_max" : 0,
        "bw_agg" : 0.000000,
        "bw_mean" : 0.000000,
        "bw_dev" : 0.000000,
        "bw_samples" : 0,
        "iops_min" : 0,
        "iops_max" : 0,
        "iops_mean" : 0.000000,
        "iops_stddev" : 0.000000,
        "iops_samples" : 0
      },
      "sync" : {
        "total_ios" : 0,
        "lat_ns" : {
          "min" : 0,
          "max" : 0,
          "mean" : 0.000000,
          "stddev" : 0.000000,
          "N" : 0
        }
      },
      "job_runtime" : 10000,
      "usr_cpu" : 1.890000,
      "sys_cpu" : 5.880000,
      "ctx" : 9388,
      "majf" : 0,
      "minf" : 13,
      "iodepth_level" : {
        "1" : 100.000000,
        "2" : 0.000000,
        "4" : 0.000000,
        "8" : 0.000000,
        "16" : 0.000000,
        "32" : 0.000000,
        ">=64" : 0.000000
      },
      "iodepth_submit" : {
        "0" : 0.000000,
        "4" : 100.000000,
        "8" : 0.000000,
        "16" : 0.000000,
        "32" : 0.000000,
        "64" : 0.000000,
        ">=64" : 0.000000
      },
      "iodepth_complete" : {
        "0" : 0.000000,
        "4" : 100.000000,
        "8" : 0.000000,
        "16" : 0.000000,
        "32" : 0.000000,
        "64" : 0.000000,
        ">=64" : 0.000000
      },
      "latency_ns" : {
        "2" : 0.000000,
        "4" : 0.000000,
        "10" : 0.000000,
        "20" : 0.000000,
        "50" : 0.000000,
        "100" : 0.000000,
        "250" : 0.000000,
        "500" : 0.000000,
        "750" : 0.000000,
        "1000" : 0.000000
      },
      "latency_us" : {
        "2" : 0.000000,
        "4" : 0.000000,
        "10" : 0.000000,
        "20" : 0.000000,
        "50" : 0.000000,
        "100" : 0.000000,
        "250" : 0.000000,
        "500" : 40.157732,
        "750" : 36.470212,
        "1000" : 15.730577
      },
      "latency_ms" : {
        "2" : 2.216775,
        "4" : 2.973463,
        "10" : 1.140360,
        "20" : 1.204306,
        "50" : 0.042630,
        "100" : 0.031973,
        "250" : 0.000000,
        "500" : 0.021315,
        "750" : 0.000000,
        "1000" : 0.010658,
        "2000" : 0.000000,
        ">=2000" : 0.000000
      },
      "latency_depth" : 1,
      "latency_target" : 0,
      "latency_percentile" : 100.000000,
      "latency_window" : 0
    }
  ],
  "disk_util" : [
    {
      "name" : "sda",
      "read_ios" : 4544,
      "write_ios" : 4662,
      "read_sectors" : 1163264,
      "write_sectors" : 1191120,
      "read_merges" : 0,
      "write_merges" : 15,
      "read_ticks" : 5344,
      "write_ticks" : 4055,
      "in_queue" : 9423,
      "util" : 93.295921
    }
  ]
}
