{
  "fio version" : "fio-3.36",
  "timestamp" : 1765157187,
  "timestamp_ms" : 1765157187684,
  "time" : "Mon Dec  8 01:26:27 2025",
  "jobs" : [
    {
      "jobname" : "test",
      "groupid" : 0,
      "job_start" : 1765157177673,
      "error" : 0,
      "eta" : 0,
      "elapsed" : 11,
      "job options" : {
        "name" : "test",
        "filename" : "./testfile",
        "rw" : "randrw",
        "filesize" : "1G",
        "bs" : "128k",
        "numjobs" : "1",
        "iodepth" : "1",
        "direct" : "1",
        "runtime" : "10"
      },
      "read" : {
        "io_bytes" : 678428672,
        "io_kbytes" : 662528,
        "bw_bytes" : 67836083,
        "bw" : 66246,
        "iops" : 517.548245,
        "runtime" : 10001,
        "total_ios" : 5176,
        "short_ios" : 0,
        "drop_ios" : 0,
        "slat_ns" : {
          "min" : 0,
          "max" : 0,
          "mean" : 0.000000,
          "stddev" : 0.000000,
          "N" : 0
        },
        "clat_ns" : {
          "min" : 190021,
          "max" : 280040635,
          "mean" : 1440164.087133,
          "stddev" : 8058493.813213,
          "N" : 5176,
          "percentile" : {
            "1.000000" : 362496,
            "5.000000" : 399360,
            "10.000000" : 428032,
            "20.000000" : 493568,
            "30.000000" : 585728,
            "40.000000" : 692224,
            "50.000000" : 774144,
            "60.000000" : 880640,
            "70.000000" : 970752,
            "80.000000" : 1073152,
            "90.000000" : 1400832,
            "95.000000" : 3522560,
            "99.000000" : 7176192,
            "99.500000" : 9502720,
            "99.900000" : 141557760,
            "99.950000" : 208666624,
            "99.990000" : 278921216
          }
        },
        "lat_ns" : {
          "min" : 190064,
          "max" : 280040759,
          "mean" : 1440312.100464,
          "stddev" : 8058497.211893,
          "N" : 5176
        },
        "bw_min" : 5632,
        "bw_max" : 103680,
        "bw_agg" : 99.001943,
        "bw_mean" : 65585.631579,
        "bw_dev" : 31906.528503,
        "bw_samples" : 19,
        "iops_min" : 44,
        "iops_max" : 810,
        "iops_mean" : 512.210526,
        "iops_stddev" : 249.228940,
        "iops_samples" : 19
      },
      "write" : {
        "io_bytes" : 684589056,
        "io_kbytes" : 668544,
        "bw_bytes" : 68452060,
        "bw" : 66847,
        "iops" : 522.247775,
        "runtime" : 10001,
        "total_ios" : 5223,
        "short_ios" : 0,
        "drop_ios" : 0,
        "slat_ns" : {
          "min" : 0,
          "max" : 0,
          "mean" : 0.000000,
          "stddev" : 0.000000,
          "N" : 0
        },
        "clat_ns" : {
          "min" : 181936,
          "max" : 2753140,
          "mean" : 480606.952709,
          "stddev" : 275951.606607,
          "N" : 5223,
          "percentile" : {
            "1.000000" : 187392,
            "5.000000" : 195584,
            "10.000000" : 203776,
            "20.000000" : 226304,
            "30.000000" : 254976,
            "40.000000" : 288768,
            "50.000000" : 382976,
            "60.000000" : 552960,
            "70.000000" : 692224,
            "80.000000" : 733184,
            "90.000000" : 790528,
            "95.000000" : 888832,
            "99.000000" : 1253376,
            "99.500000" : 1482752,
            "99.900000" : 2179072,
            "99.950000" : 2605056,
            "99.990000" : 2768896
          }
        },
        "lat_ns" : {
          "min" : 183380,
          "max" : 2754949,
          "mean" : 483486.982769,
          "stddev" : 276375.792148,
          "N" : 5223
        },
        "bw_min" : 6400,
        "bw_max" : 102144,
        "bw_agg" : 99.099872,
        "bw_mean" : 66246.736842,
        "bw_dev" : 31831.170843,
        "bw_samples" : 19,
        "iops_min" : 50,
        "iops_max" : 798,
        "iops_mean" : 517.368421,
        "iops_stddev" : 248.647946,
        "iops_samples" : 19
      },
      "trim" : {
        "io_bytes" : 0,
        "io_kbytes" : 0,
        "bw_bytes" : 0,
        "bw" : 0,
        "iops" : 0.000000,
        "runtime" : 0,
        "total_ios" : 0,
        "short_ios" : 0,
        "drop_ios" : 0,
        "slat_ns" : {
          "min" : 0,
          "max" : 0,
          "mean" : 0.000000,
          "stddev" : 0.000000,
          "N" : 0
        },
        "clat_ns" : {
          "min" : 0,
          "max" : 0,
          "mean" : 0.000000,
          "stddev" : 0.000000,
          "N" : 0
        },
        "lat_ns" : {
          "min" : 0,
          "max" : 0,
          "mean" : 0.000000,
          "stddev" : 0.000000,
          "N" : 0
        },
        "bw_min" : 0,
        "bw_max" : 0,
        "bw_agg" : 0.000000,
        "bw_mean" : 0.000000,
        "bw_dev" : 0.000000,
        "bw_samples" : 0,
        "iops_min" : 0,
        "iops_max" : 0,
        "iops_mean" : 0.000000,
        "iops_stddev" : 0.000000,
        "iops_samples" : 0
      },
      "sync" : {
        "total_ios" : 0,
        "lat_ns" : {
          "min" : 0,
          "max" : 0,
          "mean" : 0.000000,
          "stddev" : 0.000000,
          "N" : 0
        }
      },
      "job_runtime" : 10000,
      "usr_cpu" : 0.000000,
      "sys_cpu" : 21.530000,
      "ctx" : 9926,
      "majf" : 0,
      "minf" : 13,
      "iodepth_level" : {
        "1" : 100.000000,
        "2" : 0.000000,
        "4" : 0.000000,
        "8" : 0.000000,
        "16" : 0.000000,
        "32" : 0.000000,
        ">=64" : 0.000000
      },
      "iodepth_submit" : {
        "0" : 0.000000,
        "4" : 100.000000,
        "8" : 0.000000,
        "16" : 0.000000,
        "32" : 0.000000,
        "64" : 0.000000,
        ">=64" : 0.000000
      },
      "iodepth_complete" : {
        "0" : 0.000000,
        "4" : 100.000000,
        "8" : 0.000000,
        "16" : 0.000000,
        "32" : 0.000000,
        "64" : 0.000000,
        ">=64" : 0.000000
      },
      "latency_ns" : {
        "2" : 0.000000,
        "4" : 0.000000,
        "10" : 0.000000,
        "20" : 0.000000,
        "50" : 0.000000,
        "100" : 0.000000,
        "250" : 0.000000,
        "500" : 0.000000,
        "750" : 0.000000,
        "1000" : 0.000000
      },
      "latency_us" : {
        "2" : 0.000000,
        "4" : 0.000000,
        "10" : 0.000000,
        "20" : 0.000000,
        "50" : 0.000000,
        "100" : 0.000000,
        "250" : 14.222521,
        "500" : 23.127224,
        "750" : 28.060390,
        "1000" : 19.732667
      },
      "latency_ms" : {
        "2" : 10.981825,
        "4" : 1.769401,
        "10" : 1.894413,
        "20" : 0.028849,
        "50" : 0.048082,
        "100" : 0.057698,
        "250" : 0.067314,
        "500" : 0.010000,
        "750" : 0.000000,
        "1000" : 0.000000,
        "2000" : 0.000000,
        ">=2000" : 0.000000
      },
      "latency_depth" : 1,
      "latency_target" : 0,
      "latency_percentile" : 100.000000,
      "latency_window" : 0
    }
  ],
  "disk_util" : [
    {
      "name" : "sda",
      "read_ios" : 5113,
      "write_ios" : 5174,
      "read_sectors" : 1308928,
      "write_sectors" : 1323632,
      "read_merges" : 0,
      "write_merges" : 10,
      "read_ticks" : 6476,
      "write_ticks" : 1607,
      "in_queue" : 8150,
      "util" : 69.821715
    }
  ]
}
