{
  "fio version" : "fio-3.36",
  "timestamp" : 1765157167,
  "timestamp_ms" : 1765157167074,
  "time" : "Mon Dec  8 01:26:07 2025",
  "jobs" : [
    {
      "jobname" : "test",
      "groupid" : 0,
      "job_start" : 1765157157053,
      "error" : 0,
      "eta" : 0,
      "elapsed" : 11,
      "job options" : {
        "name" : "test",
        "filename" : "./testfile",
        "rw" : "randrw",
        "filesize" : "1G",
        "bs" : "128k",
        "numjobs" : "1",
        "iodepth" : "1",
        "direct" : "1",
        "runtime" : "10"
      },
      "read" : {
        "io_bytes" : 909246464,
        "io_kbytes" : 887936,
        "bw_bytes" : 90915554,
        "bw" : 88784,
        "iops" : 693.630637,
        "runtime" : 10001,
        "total_ios" : 6937,
        "short_ios" : 0,
        "drop_ios" : 0,
        "slat_ns" : {
          "min" : 0,
          "max" : 0,
          "mean" : 0.000000,
          "stddev" : 0.000000,
          "N" : 0
        },
        "clat_ns" : {
          "min" : 199243,
          "max" : 49622175,
          "mean" : 997639.656624,
          "stddev" : 1412297.605579,
          "N" : 6937,
          "percentile" : {
            "1.000000" : 350208,
            "5.000000" : 378880,
            "10.000000" : 399360,
            "20.000000" : 440320,
            "30.000000" : 489472,
            "40.000000" : 569344,
            "50.000000" : 684032,
            "60.000000" : 782336,
            "70.000000" : 905216,
            "80.000000" : 1011712,
            "90.000000" : 1335296,
            "95.000000" : 3358720,
            "99.000000" : 6717440,
            "99.500000" : 7766016,
            "99.900000" : 12124160,
            "99.950000" : 18743296,
            "99.990000" : 49545216
          }
        },
        "lat_ns" : {
          "min" : 199303,
          "max" : 49622359,
          "mean" : 997769.826438,
          "stddev" : 1412308.826701,
          "N" : 6937
        },
        "bw_min" : 68864,
        "bw_max" : 118528,
        "bw_agg" : 100.000000,
        "bw_mean" : 89926.210526,
        "bw_dev" : 11225.715471,
        "bw_samples" : 19,
        "iops_min" : 538,
        "iops_max" : 926,
        "iops_mean" : 702.315789,
        "iops_stddev" : 87.648320,
        "iops_samples" : 19
      },
      "write" : {
        "io_bytes" : 913309696,
        "io_kbytes" : 891904,
        "bw_bytes" : 91321837,
        "bw" : 89181,
        "iops" : 696.730327,
        "runtime" : 10001,
        "total_ios" : 6968,
        "short_ios" : 0,
        "drop_ios" : 0,
        "slat_ns" : {
          "min" : 0,
          "max" : 0,
          "mean" : 0.000000,
          "stddev" : 0.000000,
          "N" : 0
        },
        "clat_ns" : {
          "min" : 179956,
          "max" : 5960880,
          "mean" : 435652.750287,
          "stddev" : 286190.235752,
          "N" : 6968,
          "percentile" : {
            "1.000000" : 183296,
            "5.000000" : 189440,
            "10.000000" : 195584,
            "20.000000" : 209920,
            "30.000000" : 234496,
            "40.000000" : 259072,
            "50.000000" : 296960,
            "60.000000" : 432128,
            "70.000000" : 577536,
            "80.000000" : 700416,
            "90.000000" : 765952,
            "95.000000" : 864256,
            "99.000000" : 1220608,
            "99.500000" : 1417216,
            "99.900000" : 2605056,
            "99.950000" : 3817472,
            "99.990000" : 5931008
          }
        },
        "lat_ns" : {
          "min" : 180993,
          "max" : 5962922,
          "mean" : 438497.826923,
          "stddev" : 286714.517553,
          "N" : 6968
        },
        "bw_min" : 73216,
        "bw_max" : 121856,
        "bw_agg" : 100.000000,
        "bw_mean" : 90467.210526,
        "bw_dev" : 12135.222484,
        "bw_samples" : 19,
        "iops_min" : 572,
        "iops_max" : 952,
        "iops_mean" : 706.578947,
        "iops_stddev" : 94.743699,
        "iops_samples" : 19
      },
      "trim" : {
        "io_bytes" : 0,
        "io_kbytes" : 0,
        "bw_bytes" : 0,
        "bw" : 0,
        "iops" : 0.000000,
        "runtime" : 0,
        "total_ios" : 0,
        "short_ios" : 0,
        "drop_ios" : 0,
        "slat_ns" : {
          "min" : 0,
          "max" : 0,
          "mean" : 0.000000,
          "stddev" : 0.000000,
          "N" : 0
        },
        "clat_ns" : {
          "min" : 0,
          "max" : 0,
          "mean" : 0.000000,
          "stddev" : 0.000000,
          "N" : 0
        },
        "lat_ns" : {
          "min" : 0,
          "max" : 0,
          "mean" : 0.000000,
          "stddev" : 0.000000,
          "N" : 0
        },
        "bw_min" : 0,
        "bw_max" : 0,
        "bw_agg" : 0.000000,
        "bw_mean" : 0.000000,
        "bw_dev" : 0.000000,
        "bw_samples" : 0,
        "iops_min" : 0,
        "iops_max" : 0,
        "iops_mean" : 0.000000,
        "iops_stddev" : 0.000000,
        "iops_samples" : 0
      },
      "sync" : {
        "total_ios" : 0,
        "lat_ns" : {
          "min" : 0,
          "max" : 0,
          "mean" : 0.000000,
          "stddev" : 0.000000,
          "N" : 0
        }
      },
      "job_runtime" : 10000,
      "usr_cpu" : 0.000000,
      "sys_cpu" : 26.400000,
      "ctx" : 13261,
      "majf" : 0,
      "minf" : 13,
      "iodepth_level" : {
        "1" : 100.000000,
        "2" : 0.000000,
        "4" : 0.000000,
        "8" : 0.000000,
        "16" : 0.000000,
        "32" : 0.000000,
        ">=64" : 0.000000
      },
      "iodepth_submit" : {
        "0" : 0.000000,
        "4" : 100.000000,
        "8" : 0.000000,
        "16" : 0.000000,
        "32" : 0.000000,
        "64" : 0.000000,
        ">=64" : 0.000000
      },
      "iodepth_complete" : {
        "0" : 0.000000,
        "4" : 100.000000,
        "8" : 0.000000,
        "16" : 0.000000,
        "32" : 0.000000,
        "64" : 0.000000,
        ">=64" : 0.000000
      },
      "latency_ns" : {
        "2" : 0.000000,
        "4" : 0.000000,
        "10" : 0.000000,
        "20" : 0.000000,
        "50" : 0.000000,
        "100" : 0.000000,
        "250" : 0.000000,
        "500" : 0.000000,
        "750" : 0.000000,
        "1000" : 0.000000
      },
      "latency_us" : {
        "2" : 0.000000,
        "4" : 0.000000,
        "10" : 0.000000,
        "20" : 0.000000,
        "50" : 0.000000,
        "100" : 0.000000,
        "250" : 18.274002,
        "500" : 28.385473,
        "750" : 26.213592,
        "1000" : 15.526789
      },
      "latency_ms" : {
        "2" : 7.810140,
        "4" : 1.812298,
        "10" : 1.905789,
        "20" : 0.050342,
        "50" : 0.021575,
        "100" : 0.000000,
        "250" : 0.000000,
        "500" : 0.000000,
        "750" : 0.000000,
        "1000" : 0.000000,
        "2000" : 0.000000,
        ">=2000" : 0.000000
      },
      "latency_depth" : 1,
      "latency_target" : 0,
      "latency_percentile" : 100.000000,
      "latency_window" : 0
    }
  ],
  "disk_util" : [
    {
      "name" : "sda",
      "read_ios" : 6877,
      "write_ios" : 6970,
      "read_sectors" : 1760512,
      "write_sectors" : 1773632,
      "read_merges" : 0,
      "write_merges" : 15,
      "read_ticks" : 5718,
      "write_ticks" : 1962,
      "in_queue" : 7694,
      "util" : 63.483315
    }
  ]
}
