{
  "fio version" : "fio-3.36",
  "timestamp" : 1765157177,
  "timestamp_ms" : 1765157177383,
  "time" : "Mon Dec  8 01:26:17 2025",
  "jobs" : [
    {
      "jobname" : "test",
      "groupid" : 0,
      "job_start" : 1765157167370,
      "error" : 0,
      "eta" : 0,
      "elapsed" : 11,
      "job options" : {
        "name" : "test",
        "filename" : "./testfile",
        "rw" : "randrw",
        "filesize" : "1G",
        "bs" : "128k",
        "numjobs" : "1",
        "iodepth" : "1",
        "direct" : "1",
        "runtime" : "10"
      },
      "read" : {
        "io_bytes" : 907804672,
        "io_kbytes" : 886528,
        "bw_bytes" : 90771390,
        "bw" : 88643,
        "iops" : 692.530747,
        "runtime" : 10001,
        "total_ios" : 6926,
        "short_ios" : 0,
        "drop_ios" : 0,
        "slat_ns" : {
          "min" : 0,
          "max" : 0,
          "mean" : 0.000000,
          "stddev" : 0.000000,
          "N" : 0
        },
        "clat_ns" : {
          "min" : 182480,
          "max" : 21682105,
          "mean" : 1010289.813601,
          "stddev" : 1229258.840635,
          "N" : 6926,
          "percentile" : {
            "1.000000" : 354304,
            "5.000000" : 387072,
            "10.000000" : 407552,
            "20.000000" : 448512,
            "30.000000" : 505856,
            "40.000000" : 585728,
            "50.000000" : 684032,
            "60.000000" : 790528,
            "70.000000" : 913408,
            "80.000000" : 1036288,
            "90.000000" : 1400832,
            "95.000000" : 3457024,
            "99.000000" : 6651904,
            "99.500000" : 7372800,
            "99.900000" : 11206656,
            "99.950000" : 13434880,
            "99.990000" : 21626880
          }
        },
        "lat_ns" : {
          "min" : 182566,
          "max" : 21682215,
          "mean" : 1010411.024545,
          "stddev" : 1229269.000827,
          "N" : 6926
        },
        "bw_min" : 65015,
        "bw_max" : 126978,
        "bw_agg" : 100.000000,
        "bw_mean" : 89588.000000,
        "bw_dev" : 16855.184336,
        "bw_samples" : 19,
        "iops_min" : 507,
        "iops_max" : 992,
        "iops_mean" : 699.631579,
        "iops_stddev" : 131.825731,
        "iops_samples" : 19
      },
      "write" : {
        "io_bytes" : 912654336,
        "io_kbytes" : 891264,
        "bw_bytes" : 91256307,
        "bw" : 89117,
        "iops" : 696.230377,
        "runtime" : 10001,
        "total_ios" : 6963,
        "short_ios" : 0,
        "drop_ios" : 0,
        "slat_ns" : {
          "min" : 0,
          "max" : 0,
          "mean" : 0.000000,
          "stddev" : 0.000000,
          "N" : 0
        },
        "clat_ns" : {
          "min" : 178837,
          "max" : 2793210,
          "mean" : 425033.115467,
          "stddev" : 273817.723117,
          "N" : 6963,
          "percentile" : {
            "1.000000" : 181248,
            "5.000000" : 187392,
            "10.000000" : 193536,
            "20.000000" : 207872,
            "30.000000" : 232448,
            "40.000000" : 254976,
            "50.000000" : 284672,
            "60.000000" : 358400,
            "70.000000" : 544768,
            "80.000000" : 708608,
            "90.000000" : 782336,
            "95.000000" : 880640,
            "99.000000" : 1236992,
            "99.500000" : 1433600,
            "99.900000" : 2375680,
            "99.950000" : 2670592,
            "99.990000" : 2801664
          }
        },
        "lat_ns" : {
          "min" : 180058,
          "max" : 2795380,
          "mean" : 427847.574321,
          "stddev" : 274434.461473,
          "N" : 6963
        },
        "bw_min" : 67328,
        "bw_max" : 121344,
        "bw_agg" : 100.000000,
        "bw_mean" : 90177.842105,
        "bw_dev" : 15053.960410,
        "bw_samples" : 19,
        "iops_min" : 526,
        "iops_max" : 948,
        "iops_mean" : 704.263158,
        "iops_stddev" : 117.682644,
        "iops_samples" : 19
      },
      "trim" : {
        "io_bytes" : 0,
        "io_kbytes" : 0,
        "bw_bytes" : 0,
        "bw" : 0,
        "iops" : 0.000000,
        "runtime" : 0,
        "total_ios" : 0,
        "short_ios" : 0,
        "drop_ios" : 0,
        "slat_ns" : {
          "min" : 0,
          "max" : 0,
          "mean" : 0.000000,
          "stddev" : 0.000000,
          "N" : 0
        },
        "clat_ns" : {
          "min" : 0,
          "max" : 0,
          "mean" : 0.000000,
          "stddev" : 0.000000,
          "N" : 0
        },
        "lat_ns" : {
          "min" : 0,
          "max" : 0,
          "mean" : 0.000000,
          "stddev" : 0.000000,
          "N" : 0
        },
        "bw_min" : 0,
        "bw_max" : 0,
        "bw_agg" : 0.000000,
        "bw_mean" : 0.000000,
        "bw_dev" : 0.000000,
        "bw_samples" : 0,
        "iops_min" : 0,
        "iops_max" : 0,
        "iops_mean" : 0.000000,
        "iops_stddev" : 0.000000,
        "iops_samples" : 0
      },
      "sync" : {
        "total_ios" : 0,
        "lat_ns" : {
          "min" : 0,
          "max" : 0,
          "mean" : 0.000000,
          "stddev" : 0.000000,
          "N" : 0
        }
      },
      "job_runtime" : 10000,
      "usr_cpu" : 0.000000,
      "sys_cpu" : 25.470000,
      "ctx" : 13311,
      "majf" : 0,
      "minf" : 11,
      "iodepth_level" : {
        "1" : 100.000000,
        "2" : 0.000000,
        "4" : 0.000000,
        "8" : 0.000000,
        "16" : 0.000000,
        "32" : 0.000000,
        ">=64" : 0.000000
      },
      "iodepth_submit" : {
        "0" : 0.000000,
        "4" : 100.000000,
        "8" : 0.000000,
        "16" : 0.000000,
        "32" : 0.000000,
        "64" : 0.000000,
        ">=64" : 0.000000
      },
      "iodepth_complete" : {
        "0" : 0.000000,
        "4" : 100.000000,
        "8" : 0.000000,
        "16" : 0.000000,
        "32" : 0.000000,
        "64" : 0.000000,
        ">=64" : 0.000000
      },
      "latency_ns" : {
        "2" : 0.000000,
        "4" : 0.000000,
        "10" : 0.000000,
        "20" : 0.000000,
        "50" : 0.000000,
        "100" : 0.000000,
        "250" : 0.000000,
        "500" : 0.000000,
        "750" : 0.000000,
        "1000" : 0.000000
      },
      "latency_us" : {
        "2" : 0.000000,
        "4" : 0.000000,
        "10" : 0.000000,
        "20" : 0.000000,
        "50" : 0.000000,
        "100" : 0.000000,
        "250" : 18.849449,
        "500" : 28.360573,
        "750" : 24.724602,
        "1000" : 15.415077
      },
      "latency_ms" : {
        "2" : 8.611131,
        "4" : 2.001584,
        "10" : 1.972784,
        "20" : 0.057600,
        "50" : 0.010000,
        "100" : 0.000000,
        "250" : 0.000000,
        "500" : 0.000000,
        "750" : 0.000000,
        "1000" : 0.000000,
        "2000" : 0.000000,
        ">=2000" : 0.000000
      },
      "latency_depth" : 1,
      "latency_target" : 0,
      "latency_percentile" : 100.000000,
      "latency_window" : 0
    }
  ],
  "disk_util" : [
    {
      "name" : "sda",
      "read_ios" : 6868,
      "write_ios" : 6917,
      "read_sectors" : 1758208,
      "write_sectors" : 1769840,
      "read_merges" : 0,
      "write_merges" : 10,
      "read_ticks" : 5858,
      "write_ticks" : 1853,
      "in_queue" : 7725,
      "util" : 64.236355
    }
  ]
}
