{
  "fio version" : "fio-3.36",
  "timestamp" : 1765185153,
  "timestamp_ms" : 1765185153115,
  "time" : "Mon Dec  8 09:12:33 2025",
  "jobs" : [
    {
      "jobname" : "test",
      "groupid" : 0,
      "job_start" : 1765185143100,
      "error" : 0,
      "eta" : 0,
      "elapsed" : 11,
      "job options" : {
        "name" : "test",
        "filename" : "./testfile",
        "rw" : "randrw",
        "filesize" : "1G",
        "bs" : "128k",
        "numjobs" : "1",
        "iodepth" : "1",
        "direct" : "1",
        "runtime" : "10"
      },
      "read" : {
        "io_bytes" : 966131712,
        "io_kbytes" : 943488,
        "bw_bytes" : 96603510,
        "bw" : 94339,
        "iops" : 737.026297,
        "runtime" : 10001,
        "total_ios" : 7371,
        "short_ios" : 0,
        "drop_ios" : 0,
        "slat_ns" : {
          "min" : 0,
          "max" : 0,
          "mean" : 0.000000,
          "stddev" : 0.000000,
          "N" : 0
        },
        "clat_ns" : {
          "min" : 441013,
          "max" : 171394359,
          "mean" : 905272.268620,
          "stddev" : 4050615.756557,
          "N" : 7371,
          "percentile" : {
            "1.000000" : 464896,
            "5.000000" : 497664,
            "10.000000" : 528384,
            "20.000000" : 577536,
            "30.000000" : 610304,
            "40.000000" : 651264,
            "50.000000" : 700416,
            "60.000000" : 741376,
            "70.000000" : 782336,
            "80.000000" : 847872,
            "90.000000" : 937984,
            "95.000000" : 1011712,
            "99.000000" : 3784704,
            "99.500000" : 3981312,
            "99.900000" : 73924608,
            "99.950000" : 121110528,
            "99.990000" : 170917888
          }
        },
        "lat_ns" : {
          "min" : 441147,
          "max" : 171394557,
          "mean" : 905603.897707,
          "stddev" : 4050629.927918,
          "N" : 7371
        },
        "bw_min" : 31425,
        "bw_max" : 124416,
        "bw_agg" : 100.000000,
        "bw_mean" : 95323.000000,
        "bw_dev" : 30101.459697,
        "bw_samples" : 19,
        "iops_min" : 245,
        "iops_max" : 972,
        "iops_mean" : 744.684211,
        "iops_stddev" : 235.227562,
        "iops_samples" : 19
      },
      "write" : {
        "io_bytes" : 972816384,
        "io_kbytes" : 950016,
        "bw_bytes" : 97271911,
        "bw" : 94992,
        "iops" : 742.125787,
        "runtime" : 10001,
        "total_ios" : 7422,
        "short_ios" : 0,
        "drop_ios" : 0,
        "slat_ns" : {
          "min" : 0,
          "max" : 0,
          "mean" : 0.000000,
          "stddev" : 0.000000,
          "N" : 0
        },
        "clat_ns" : {
          "min" : 278487,
          "max" : 119081381,
          "mean" : 426777.945702,
          "stddev" : 1593604.906866,
          "N" : 7422,
          "percentile" : {
            "1.000000" : 284672,
            "5.000000" : 288768,
            "10.000000" : 292864,
            "20.000000" : 305152,
            "30.000000" : 309248,
            "40.000000" : 313344,
            "50.000000" : 317440,
            "60.000000" : 329728,
            "70.000000" : 354304,
            "80.000000" : 464896,
            "90.000000" : 577536,
            "95.000000" : 610304,
            "99.000000" : 1744896,
            "99.500000" : 1957888,
            "99.900000" : 7831552,
            "99.950000" : 11337728,
            "99.990000" : 119013376
          }
        },
        "lat_ns" : {
          "min" : 286387,
          "max" : 119091096,
          "mean" : 436782.518324,
          "stddev" : 1593724.603162,
          "N" : 7422
        },
        "bw_min" : 29381,
        "bw_max" : 121600,
        "bw_agg" : 100.000000,
        "bw_mean" : 95821.736842,
        "bw_dev" : 29502.245089,
        "bw_samples" : 19,
        "iops_min" : 229,
        "iops_max" : 950,
        "iops_mean" : 748.578947,
        "iops_stddev" : 230.553757,
        "iops_samples" : 19
      },
      "trim" : {
        "io_bytes" : 0,
        "io_kbytes" : 0,
        "bw_bytes" : 0,
        "bw" : 0,
        "iops" : 0.000000,
        "runtime" : 0,
        "total_ios" : 0,
        "short_ios" : 0,
        "drop_ios" : 0,
        "slat_ns" : {
          "min" : 0,
          "max" : 0,
          "mean" : 0.000000,
          "stddev" : 0.000000,
          "N" : 0
        },
        "clat_ns" : {
          "min" : 0,
          "max" : 0,
          "mean" : 0.000000,
          "stddev" : 0.000000,
          "N" : 0
        },
        "lat_ns" : {
          "min" : 0,
          "max" : 0,
          "mean" : 0.000000,
          "stddev" : 0.000000,
          "N" : 0
        },
        "bw_min" : 0,
        "bw_max" : 0,
        "bw_agg" : 0.000000,
        "bw_mean" : 0.000000,
        "bw_dev" : 0.000000,
        "bw_samples" : 0,
        "iops_min" : 0,
        "iops_max" : 0,
        "iops_mean" : 0.000000,
        "iops_stddev" : 0.000000,
        "iops_samples" : 0
      },
      "sync" : {
        "total_ios" : 0,
        "lat_ns" : {
          "min" : 0,
          "max" : 0,
          "mean" : 0.000000,
          "stddev" : 0.000000,
          "N" : 0
        }
      },
      "job_runtime" : 10000,
      "usr_cpu" : 2.560000,
      "sys_cpu" : 8.280000,
      "ctx" : 14795,
      "majf" : 0,
      "minf" : 14,
      "iodepth_level" : {
        "1" : 100.000000,
        "2" : 0.000000,
        "4" : 0.000000,
        "8" : 0.000000,
        "16" : 0.000000,
        "32" : 0.000000,
        ">=64" : 0.000000
      },
      "iodepth_submit" : {
        "0" : 0.000000,
        "4" : 100.000000,
        "8" : 0.000000,
        "16" : 0.000000,
        "32" : 0.000000,
        "64" : 0.000000,
        ">=64" : 0.000000
      },
      "iodepth_complete" : {
        "0" : 0.000000,
        "4" : 100.000000,
        "8" : 0.000000,
        "16" : 0.000000,
        "32" : 0.000000,
        "64" : 0.000000,
        ">=64" : 0.000000
      },
      "latency_ns" : {
        "2" : 0.000000,
        "4" : 0.000000,
        "10" : 0.000000,
        "20" : 0.000000,
        "50" : 0.000000,
        "100" : 0.000000,
        "250" : 0.000000,
        "500" : 0.000000,
        "750" : 0.000000,
        "1000" : 0.000000
      },
      "latency_us" : {
        "2" : 0.000000,
        "4" : 0.000000,
        "10" : 0.000000,
        "20" : 0.000000,
        "50" : 0.000000,
        "100" : 0.000000,
        "250" : 0.000000,
        "500" : 43.784222,
        "750" : 36.753870,
        "1000" : 15.919692
      },
      "latency_ms" : {
        "2" : 2.048266,
        "4" : 1.162712,
        "10" : 0.243358,
        "20" : 0.013520,
        "50" : 0.010000,
        "100" : 0.013520,
        "250" : 0.054080,
        "500" : 0.000000,
        "750" : 0.000000,
        "1000" : 0.000000,
        "2000" : 0.000000,
        ">=2000" : 0.000000
      },
      "latency_depth" : 1,
      "latency_target" : 0,
      "latency_percentile" : 100.000000,
      "latency_window" : 0
    }
  ],
  "disk_util" : [
    {
      "name" : "sda",
      "read_ios" : 7278,
      "write_ios" : 7335,
      "read_sectors" : 1863168,
      "write_sectors" : 1874184,
      "read_merges" : 0,
      "write_merges" : 14,
      "read_ticks" : 6265,
      "write_ticks" : 2941,
      "in_queue" : 9211,
      "util" : 90.784333
    }
  ]
}
