{
  "fio version" : "fio-3.36",
  "timestamp" : 1764722288,
  "timestamp_ms" : 1764722288639,
  "time" : "Wed Dec  3 00:38:08 2025",
  "jobs" : [
    {
      "jobname" : "test",
      "groupid" : 0,
      "job_start" : 1764722278623,
      "error" : 0,
      "eta" : 0,
      "elapsed" : 11,
      "job options" : {
        "name" : "test",
        "filename" : "./testfile",
        "rw" : "randread",
        "filesize" : "100M",
        "bs" : "128k",
        "numjobs" : "1",
        "iodepth" : "1",
        "direct" : "1",
        "runtime" : "10"
      },
      "read" : {
        "io_bytes" : 1897529344,
        "io_kbytes" : 1853056,
        "bw_bytes" : 189733961,
        "bw" : 185287,
        "iops" : 1447.555244,
        "runtime" : 10001,
        "total_ios" : 14477,
        "short_ios" : 0,
        "drop_ios" : 0,
        "slat_ns" : {
          "min" : 0,
          "max" : 0,
          "mean" : 0.000000,
          "stddev" : 0.000000,
          "N" : 0
        },
        "clat_ns" : {
          "min" : 436775,
          "max" : 3439707,
          "mean" : 679997.612558,
          "stddev" : 142548.569110,
          "N" : 14477,
          "percentile" : {
            "1.000000" : 440320,
            "5.000000" : 444416,
            "10.000000" : 477184,
            "20.000000" : 505856,
            "30.000000" : 552960,
            "40.000000" : 675840,
            "50.000000" : 733184,
            "60.000000" : 765952,
            "70.000000" : 782336,
            "80.000000" : 806912,
            "90.000000" : 831488,
            "95.000000" : 847872,
            "99.000000" : 888832,
            "99.500000" : 921600,
            "99.900000" : 1036288,
            "99.950000" : 1073152,
            "99.990000" : 1236992
          }
        },
        "lat_ns" : {
          "min" : 436919,
          "max" : 3439848,
          "mean" : 680708.158527,
          "stddev" : 142846.297844,
          "N" : 14477
        },
        "bw_min" : 171008,
        "bw_max" : 197888,
        "bw_agg" : 100.000000,
        "bw_mean" : 186071.578947,
        "bw_dev" : 11055.611980,
        "bw_samples" : 19,
        "iops_min" : 1336,
        "iops_max" : 1546,
        "iops_mean" : 1453.684211,
        "iops_stddev" : 86.371969,
        "iops_samples" : 19
      },
      "write" : {
        "io_bytes" : 0,
        "io_kbytes" : 0,
        "bw_bytes" : 0,
        "bw" : 0,
        "iops" : 0.000000,
        "runtime" : 0,
        "total_ios" : 0,
        "short_ios" : 0,
        "drop_ios" : 0,
        "slat_ns" : {
          "min" : 0,
          "max" : 0,
          "mean" : 0.000000,
          "stddev" : 0.000000,
          "N" : 0
        },
        "clat_ns" : {
          "min" : 0,
          "max" : 0,
          "mean" : 0.000000,
          "stddev" : 0.000000,
          "N" : 0
        },
        "lat_ns" : {
          "min" : 0,
          "max" : 0,
          "mean" : 0.000000,
          "stddev" : 0.000000,
          "N" : 0
        },
        "bw_min" : 0,
        "bw_max" : 0,
        "bw_agg" : 0.000000,
        "bw_mean" : 0.000000,
        "bw_dev" : 0.000000,
        "bw_samples" : 0,
        "iops_min" : 0,
        "iops_max" : 0,
        "iops_mean" : 0.000000,
        "iops_stddev" : 0.000000,
        "iops_samples" : 0
      },
      "trim" : {
        "io_bytes" : 0,
        "io_kbytes" : 0,
        "bw_bytes" : 0,
        "bw" : 0,
        "iops" : 0.000000,
        "runtime" : 0,
        "total_ios" : 0,
        "short_ios" : 0,
        "drop_ios" : 0,
        "slat_ns" : {
          "min" : 0,
          "max" : 0,
          "mean" : 0.000000,
          "stddev" : 0.000000,
          "N" : 0
        },
        "clat_ns" : {
          "min" : 0,
          "max" : 0,
          "mean" : 0.000000,
          "stddev" : 0.000000,
          "N" : 0
        },
        "lat_ns" : {
          "min" : 0,
          "max" : 0,
          "mean" : 0.000000,
          "stddev" : 0.000000,
          "N" : 0
        },
        "bw_min" : 0,
        "bw_max" : 0,
        "bw_agg" : 0.000000,
        "bw_mean" : 0.000000,
        "bw_dev" : 0.000000,
        "bw_samples" : 0,
        "iops_min" : 0,
        "iops_max" : 0,
        "iops_mean" : 0.000000,
        "iops_stddev" : 0.000000,
        "iops_samples" : 0
      },
      "sync" : {
        "total_ios" : 0,
        "lat_ns" : {
          "min" : 0,
          "max" : 0,
          "mean" : 0.000000,
          "stddev" : 0.000000,
          "N" : 0
        }
      },
      "job_runtime" : 10000,
      "usr_cpu" : 2.770000,
      "sys_cpu" : 15.260000,
      "ctx" : 14483,
      "majf" : 0,
      "minf" : 41,
      "iodepth_level" : {
        "1" : 100.000000,
        "2" : 0.000000,
        "4" : 0.000000,
        "8" : 0.000000,
        "16" : 0.000000,
        "32" : 0.000000,
        ">=64" : 0.000000
      },
      "iodepth_submit" : {
        "0" : 0.000000,
        "4" : 100.000000,
        "8" : 0.000000,
        "16" : 0.000000,
        "32" : 0.000000,
        "64" : 0.000000,
        ">=64" : 0.000000
      },
      "iodepth_complete" : {
        "0" : 0.000000,
        "4" : 100.000000,
        "8" : 0.000000,
        "16" : 0.000000,
        "32" : 0.000000,
        "64" : 0.000000,
        ">=64" : 0.000000
      },
      "latency_ns" : {
        "2" : 0.000000,
        "4" : 0.000000,
        "10" : 0.000000,
        "20" : 0.000000,
        "50" : 0.000000,
        "100" : 0.000000,
        "250" : 0.000000,
        "500" : 0.000000,
        "750" : 0.000000,
        "1000" : 0.000000
      },
      "latency_us" : {
        "2" : 0.000000,
        "4" : 0.000000,
        "10" : 0.000000,
        "20" : 0.000000,
        "50" : 0.000000,
        "100" : 0.000000,
        "250" : 0.000000,
        "500" : 14.733716,
        "750" : 40.319127,
        "1000" : 44.781377
      },
      "latency_ms" : {
        "2" : 0.158873,
        "4" : 0.010000,
        "10" : 0.000000,
        "20" : 0.000000,
        "50" : 0.000000,
        "100" : 0.000000,
        "250" : 0.000000,
        "500" : 0.000000,
        "750" : 0.000000,
        "1000" : 0.000000,
        "2000" : 0.000000,
        ">=2000" : 0.000000
      },
      "latency_depth" : 1,
      "latency_target" : 0,
      "latency_percentile" : 100.000000,
      "latency_window" : 0
    }
  ],
  "disk_util" : [
    {
      "name" : "sda",
      "read_ios" : 14329,
      "write_ios" : 3,
      "read_sectors" : 3668224,
      "write_sectors" : 80,
      "read_merges" : 0,
      "write_merges" : 6,
      "read_ticks" : 8478,
      "write_ticks" : 3,
      "in_queue" : 8482,
      "util" : 82.830812
    }
  ]
}
