{
  "fio version" : "fio-3.36",
  "timestamp" : 1764722489,
  "timestamp_ms" : 1764722489637,
  "time" : "Wed Dec  3 00:41:29 2025",
  "jobs" : [
    {
      "jobname" : "test",
      "groupid" : 0,
      "job_start" : 1764722479617,
      "error" : 0,
      "eta" : 0,
      "elapsed" : 11,
      "job options" : {
        "name" : "test",
        "filename" : "./testfile",
        "rw" : "randrw",
        "filesize" : "1G",
        "bs" : "128k",
        "numjobs" : "1",
        "iodepth" : "1",
        "direct" : "1",
        "runtime" : "10"
      },
      "read" : {
        "io_bytes" : 525729792,
        "io_kbytes" : 513408,
        "bw_bytes" : 52562466,
        "bw" : 51330,
        "iops" : 401.019796,
        "runtime" : 10002,
        "total_ios" : 4011,
        "short_ios" : 0,
        "drop_ios" : 0,
        "slat_ns" : {
          "min" : 0,
          "max" : 0,
          "mean" : 0.000000,
          "stddev" : 0.000000,
          "N" : 0
        },
        "clat_ns" : {
          "min" : 439107,
          "max" : 324223242,
          "mean" : 1473085.712541,
          "stddev" : 8814747.211461,
          "N" : 4011,
          "percentile" : {
            "1.000000" : 444416,
            "5.000000" : 501760,
            "10.000000" : 552960,
            "20.000000" : 651264,
            "30.000000" : 716800,
            "40.000000" : 765952,
            "50.000000" : 798720,
            "60.000000" : 839680,
            "70.000000" : 880640,
            "80.000000" : 913408,
            "90.000000" : 995328,
            "95.000000" : 2039808,
            "99.000000" : 11337728,
            "99.500000" : 19005440,
            "99.900000" : 117964800,
            "99.950000" : 168820736,
            "99.990000" : 325058560
          }
        },
        "lat_ns" : {
          "min" : 439259,
          "max" : 324224476,
          "mean" : 1473687.497881,
          "stddev" : 8814780.967311,
          "N" : 4011
        },
        "bw_min" : 255,
        "bw_max" : 106496,
        "bw_agg" : 100.000000,
        "bw_mean" : 52446.157895,
        "bw_dev" : 40663.229272,
        "bw_samples" : 19,
        "iops_min" : 1,
        "iops_max" : 832,
        "iops_mean" : 409.526316,
        "iops_stddev" : 317.930525,
        "iops_samples" : 19
      },
      "write" : {
        "io_bytes" : 537264128,
        "io_kbytes" : 524672,
        "bw_bytes" : 53715669,
        "bw" : 52456,
        "iops" : 409.818036,
        "runtime" : 10002,
        "total_ios" : 4099,
        "short_ios" : 0,
        "drop_ios" : 0,
        "slat_ns" : {
          "min" : 0,
          "max" : 0,
          "mean" : 0.000000,
          "stddev" : 0.000000,
          "N" : 0
        },
        "clat_ns" : {
          "min" : 277085,
          "max" : 820498846,
          "mean" : 961921.728226,
          "stddev" : 13508021.680230,
          "N" : 4099,
          "percentile" : {
            "1.000000" : 280576,
            "5.000000" : 288768,
            "10.000000" : 292864,
            "20.000000" : 309248,
            "30.000000" : 354304,
            "40.000000" : 501760,
            "50.000000" : 552960,
            "60.000000" : 569344,
            "70.000000" : 585728,
            "80.000000" : 602112,
            "90.000000" : 626688,
            "95.000000" : 667648,
            "99.000000" : 7110656,
            "99.500000" : 17694720,
            "99.900000" : 113770496,
            "99.950000" : 115867648,
            "99.990000" : 817889280
          }
        },
        "lat_ns" : {
          "min" : 284253,
          "max" : 820509903,
          "mean" : 973435.033423,
          "stddev" : 13508110.312365,
          "N" : 4099
        },
        "bw_min" : 510,
        "bw_max" : 112384,
        "bw_agg" : 100.000000,
        "bw_mean" : 53725.578947,
        "bw_dev" : 42345.615610,
        "bw_samples" : 19,
        "iops_min" : 3,
        "iops_max" : 878,
        "iops_mean" : 419.526316,
        "iops_stddev" : 331.074743,
        "iops_samples" : 19
      },
      "trim" : {
        "io_bytes" : 0,
        "io_kbytes" : 0,
        "bw_bytes" : 0,
        "bw" : 0,
        "iops" : 0.000000,
        "runtime" : 0,
        "total_ios" : 0,
        "short_ios" : 0,
        "drop_ios" : 0,
        "slat_ns" : {
          "min" : 0,
          "max" : 0,
          "mean" : 0.000000,
          "stddev" : 0.000000,
          "N" : 0
        },
        "clat_ns" : {
          "min" : 0,
          "max" : 0,
          "mean" : 0.000000,
          "stddev" : 0.000000,
          "N" : 0
        },
        "lat_ns" : {
          "min" : 0,
          "max" : 0,
          "mean" : 0.000000,
          "stddev" : 0.000000,
          "N" : 0
        },
        "bw_min" : 0,
        "bw_max" : 0,
        "bw_agg" : 0.000000,
        "bw_mean" : 0.000000,
        "bw_dev" : 0.000000,
        "bw_samples" : 0,
        "iops_min" : 0,
        "iops_max" : 0,
        "iops_mean" : 0.000000,
        "iops_stddev" : 0.000000,
        "iops_samples" : 0
      },
      "sync" : {
        "total_ios" : 0,
        "lat_ns" : {
          "min" : 0,
          "max" : 0,
          "mean" : 0.000000,
          "stddev" : 0.000000,
          "N" : 0
        }
      },
      "job_runtime" : 10001,
      "usr_cpu" : 2.749725,
      "sys_cpu" : 8.989101,
      "ctx" : 8114,
      "majf" : 0,
      "minf" : 14,
      "iodepth_level" : {
        "1" : 100.000000,
        "2" : 0.000000,
        "4" : 0.000000,
        "8" : 0.000000,
        "16" : 0.000000,
        "32" : 0.000000,
        ">=64" : 0.000000
      },
      "iodepth_submit" : {
        "0" : 0.000000,
        "4" : 100.000000,
        "8" : 0.000000,
        "16" : 0.000000,
        "32" : 0.000000,
        "64" : 0.000000,
        ">=64" : 0.000000
      },
      "iodepth_complete" : {
        "0" : 0.000000,
        "4" : 100.000000,
        "8" : 0.000000,
        "16" : 0.000000,
        "32" : 0.000000,
        "64" : 0.000000,
        ">=64" : 0.000000
      },
      "latency_ns" : {
        "2" : 0.000000,
        "4" : 0.000000,
        "10" : 0.000000,
        "20" : 0.000000,
        "50" : 0.000000,
        "100" : 0.000000,
        "250" : 0.000000,
        "500" : 0.000000,
        "750" : 0.000000,
        "1000" : 0.000000
      },
      "latency_us" : {
        "2" : 0.000000,
        "4" : 0.000000,
        "10" : 0.000000,
        "20" : 0.000000,
        "50" : 0.000000,
        "100" : 0.000000,
        "250" : 0.000000,
        "500" : 22.392109,
        "750" : 44.932182,
        "1000" : 26.621455
      },
      "latency_ms" : {
        "2" : 2.441430,
        "4" : 1.590629,
        "10" : 0.850801,
        "20" : 1.011097,
        "50" : 0.000000,
        "100" : 0.012330,
        "250" : 0.110974,
        "500" : 0.024661,
        "750" : 0.000000,
        "1000" : 0.012330,
        "2000" : 0.000000,
        ">=2000" : 0.000000
      },
      "latency_depth" : 1,
      "latency_target" : 0,
      "latency_percentile" : 100.000000,
      "latency_window" : 0
    }
  ],
  "disk_util" : [
    {
      "name" : "sda",
      "read_ios" : 3982,
      "write_ios" : 4089,
      "read_sectors" : 1019392,
      "write_sectors" : 1043424,
      "read_merges" : 0,
      "write_merges" : 13,
      "read_ticks" : 5451,
      "write_ticks" : 5343,
      "in_queue" : 10803,
      "util" : 88.373258
    }
  ]
}
