{
  "fio version" : "fio-3.36",
  "timestamp" : 1764722499,
  "timestamp_ms" : 1764722499950,
  "time" : "Wed Dec  3 00:41:39 2025",
  "jobs" : [
    {
      "jobname" : "test",
      "groupid" : 0,
      "job_start" : 1764722489928,
      "error" : 0,
      "eta" : 0,
      "elapsed" : 11,
      "job options" : {
        "name" : "test",
        "filename" : "./testfile",
        "rw" : "randrw",
        "filesize" : "1G",
        "bs" : "128k",
        "numjobs" : "1",
        "iodepth" : "1",
        "direct" : "1",
        "runtime" : "10"
      },
      "read" : {
        "io_bytes" : 911998976,
        "io_kbytes" : 890624,
        "bw_bytes" : 91190778,
        "bw" : 89053,
        "iops" : 695.730427,
        "runtime" : 10001,
        "total_ios" : 6958,
        "short_ios" : 0,
        "drop_ios" : 0,
        "slat_ns" : {
          "min" : 0,
          "max" : 0,
          "mean" : 0.000000,
          "stddev" : 0.000000,
          "N" : 0
        },
        "clat_ns" : {
          "min" : 477831,
          "max" : 18385208,
          "mean" : 867640.961196,
          "stddev" : 436360.417123,
          "N" : 6958,
          "percentile" : {
            "1.000000" : 501760,
            "5.000000" : 569344,
            "10.000000" : 610304,
            "20.000000" : 716800,
            "30.000000" : 790528,
            "40.000000" : 823296,
            "50.000000" : 864256,
            "60.000000" : 897024,
            "70.000000" : 929792,
            "80.000000" : 954368,
            "90.000000" : 1011712,
            "95.000000" : 1056768,
            "99.000000" : 1859584,
            "99.500000" : 3555328,
            "99.900000" : 5210112,
            "99.950000" : 7897088,
            "99.990000" : 18481152
          }
        },
        "lat_ns" : {
          "min" : 477991,
          "max" : 18385666,
          "mean" : 868306.193878,
          "stddev" : 436432.314063,
          "N" : 6958
        },
        "bw_min" : 55296,
        "bw_max" : 100608,
        "bw_agg" : 99.705240,
        "bw_mean" : 88791.578947,
        "bw_dev" : 10310.252580,
        "bw_samples" : 19,
        "iops_min" : 432,
        "iops_max" : 786,
        "iops_mean" : 693.684211,
        "iops_stddev" : 80.548848,
        "iops_samples" : 19
      },
      "write" : {
        "io_bytes" : 916455424,
        "io_kbytes" : 894976,
        "bw_bytes" : 91636378,
        "bw" : 89488,
        "iops" : 699.130087,
        "runtime" : 10001,
        "total_ios" : 6992,
        "short_ios" : 0,
        "drop_ios" : 0,
        "slat_ns" : {
          "min" : 0,
          "max" : 0,
          "mean" : 0.000000,
          "stddev" : 0.000000,
          "N" : 0
        },
        "clat_ns" : {
          "min" : 278781,
          "max" : 17511701,
          "mean" : 529503.957094,
          "stddev" : 458755.289694,
          "N" : 6992,
          "percentile" : {
            "1.000000" : 288768,
            "5.000000" : 292864,
            "10.000000" : 313344,
            "20.000000" : 346112,
            "30.000000" : 432128,
            "40.000000" : 544768,
            "50.000000" : 569344,
            "60.000000" : 585728,
            "70.000000" : 593920,
            "80.000000" : 610304,
            "90.000000" : 626688,
            "95.000000" : 651264,
            "99.000000" : 692224,
            "99.500000" : 1630208,
            "99.900000" : 7241728,
            "99.950000" : 16908288,
            "99.990000" : 17432576
          }
        },
        "lat_ns" : {
          "min" : 286637,
          "max" : 17521675,
          "mean" : 541199.950944,
          "stddev" : 459146.470997,
          "N" : 6992
        },
        "bw_min" : 60416,
        "bw_max" : 102656,
        "bw_agg" : 99.687502,
        "bw_mean" : 89209.263158,
        "bw_dev" : 8825.450576,
        "bw_samples" : 19,
        "iops_min" : 472,
        "iops_max" : 802,
        "iops_mean" : 696.947368,
        "iops_stddev" : 68.948833,
        "iops_samples" : 19
      },
      "trim" : {
        "io_bytes" : 0,
        "io_kbytes" : 0,
        "bw_bytes" : 0,
        "bw" : 0,
        "iops" : 0.000000,
        "runtime" : 0,
        "total_ios" : 0,
        "short_ios" : 0,
        "drop_ios" : 0,
        "slat_ns" : {
          "min" : 0,
          "max" : 0,
          "mean" : 0.000000,
          "stddev" : 0.000000,
          "N" : 0
        },
        "clat_ns" : {
          "min" : 0,
          "max" : 0,
          "mean" : 0.000000,
          "stddev" : 0.000000,
          "N" : 0
        },
        "lat_ns" : {
          "min" : 0,
          "max" : 0,
          "mean" : 0.000000,
          "stddev" : 0.000000,
          "N" : 0
        },
        "bw_min" : 0,
        "bw_max" : 0,
        "bw_agg" : 0.000000,
        "bw_mean" : 0.000000,
        "bw_dev" : 0.000000,
        "bw_samples" : 0,
        "iops_min" : 0,
        "iops_max" : 0,
        "iops_mean" : 0.000000,
        "iops_stddev" : 0.000000,
        "iops_samples" : 0
      },
      "sync" : {
        "total_ios" : 0,
        "lat_ns" : {
          "min" : 0,
          "max" : 0,
          "mean" : 0.000000,
          "stddev" : 0.000000,
          "N" : 0
        }
      },
      "job_runtime" : 10000,
      "usr_cpu" : 4.720000,
      "sys_cpu" : 15.920000,
      "ctx" : 13955,
      "majf" : 0,
      "minf" : 14,
      "iodepth_level" : {
        "1" : 100.000000,
        "2" : 0.000000,
        "4" : 0.000000,
        "8" : 0.000000,
        "16" : 0.000000,
        "32" : 0.000000,
        ">=64" : 0.000000
      },
      "iodepth_submit" : {
        "0" : 0.000000,
        "4" : 100.000000,
        "8" : 0.000000,
        "16" : 0.000000,
        "32" : 0.000000,
        "64" : 0.000000,
        ">=64" : 0.000000
      },
      "iodepth_complete" : {
        "0" : 0.000000,
        "4" : 100.000000,
        "8" : 0.000000,
        "16" : 0.000000,
        "32" : 0.000000,
        "64" : 0.000000,
        ">=64" : 0.000000
      },
      "latency_ns" : {
        "2" : 0.000000,
        "4" : 0.000000,
        "10" : 0.000000,
        "20" : 0.000000,
        "50" : 0.000000,
        "100" : 0.000000,
        "250" : 0.000000,
        "500" : 0.000000,
        "750" : 0.000000,
        "1000" : 0.000000
      },
      "latency_us" : {
        "2" : 0.000000,
        "4" : 0.000000,
        "10" : 0.000000,
        "20" : 0.000000,
        "50" : 0.000000,
        "100" : 0.000000,
        "250" : 0.000000,
        "500" : 17.268817,
        "750" : 44.802867,
        "1000" : 32.050179
      },
      "latency_ms" : {
        "2" : 5.304659,
        "4" : 0.401434,
        "10" : 0.129032,
        "20" : 0.043011,
        "50" : 0.000000,
        "100" : 0.000000,
        "250" : 0.000000,
        "500" : 0.000000,
        "750" : 0.000000,
        "1000" : 0.000000,
        "2000" : 0.000000,
        ">=2000" : 0.000000
      },
      "latency_depth" : 1,
      "latency_target" : 0,
      "latency_percentile" : 100.000000,
      "latency_window" : 0
    }
  ],
  "disk_util" : [
    {
      "name" : "sda",
      "read_ios" : 6868,
      "write_ios" : 6919,
      "read_sectors" : 1758208,
      "write_sectors" : 1769888,
      "read_merges" : 0,
      "write_merges" : 10,
      "read_ticks" : 5242,
      "write_ticks" : 2969,
      "in_queue" : 8214,
      "util" : 82.129620
    }
  ]
}
