{
  "fio version" : "fio-3.36",
  "timestamp" : 1765184936,
  "timestamp_ms" : 1765184936493,
  "time" : "Mon Dec  8 09:08:56 2025",
  "jobs" : [
    {
      "jobname" : "test",
      "groupid" : 0,
      "job_start" : 1765184926475,
      "error" : 0,
      "eta" : 0,
      "elapsed" : 11,
      "job options" : {
        "name" : "test",
        "filename" : "./testfile",
        "rw" : "randread",
        "filesize" : "100M",
        "bs" : "128k",
        "numjobs" : "1",
        "iodepth" : "1",
        "direct" : "1",
        "runtime" : "10"
      },
      "read" : {
        "io_bytes" : 1884684288,
        "io_kbytes" : 1840512,
        "bw_bytes" : 188449583,
        "bw" : 184032,
        "iops" : 1437.756224,
        "runtime" : 10001,
        "total_ios" : 14379,
        "short_ios" : 0,
        "drop_ios" : 0,
        "slat_ns" : {
          "min" : 0,
          "max" : 0,
          "mean" : 0.000000,
          "stddev" : 0.000000,
          "N" : 0
        },
        "clat_ns" : {
          "min" : 432171,
          "max" : 2179086,
          "mean" : 689069.853119,
          "stddev" : 270452.302914,
          "N" : 14379,
          "percentile" : {
            "1.000000" : 436224,
            "5.000000" : 440320,
            "10.000000" : 460800,
            "20.000000" : 493568,
            "30.000000" : 536576,
            "40.000000" : 552960,
            "50.000000" : 577536,
            "60.000000" : 634880,
            "70.000000" : 749568,
            "80.000000" : 839680,
            "90.000000" : 1036288,
            "95.000000" : 1351680,
            "99.000000" : 1646592,
            "99.500000" : 1712128,
            "99.900000" : 1826816,
            "99.950000" : 1875968,
            "99.990000" : 1974272
          }
        },
        "lat_ns" : {
          "min" : 432326,
          "max" : 2179307,
          "mean" : 689468.535712,
          "stddev" : 270574.510462,
          "N" : 14379
        },
        "bw_min" : 168704,
        "bw_max" : 193280,
        "bw_agg" : 100.000000,
        "bw_mean" : 184468.210526,
        "bw_dev" : 4959.119182,
        "bw_samples" : 19,
        "iops_min" : 1320,
        "iops_max" : 1510,
        "iops_mean" : 1441.263158,
        "iops_stddev" : 38.391032,
        "iops_samples" : 19
      },
      "write" : {
        "io_bytes" : 0,
        "io_kbytes" : 0,
        "bw_bytes" : 0,
        "bw" : 0,
        "iops" : 0.000000,
        "runtime" : 0,
        "total_ios" : 0,
        "short_ios" : 0,
        "drop_ios" : 0,
        "slat_ns" : {
          "min" : 0,
          "max" : 0,
          "mean" : 0.000000,
          "stddev" : 0.000000,
          "N" : 0
        },
        "clat_ns" : {
          "min" : 0,
          "max" : 0,
          "mean" : 0.000000,
          "stddev" : 0.000000,
          "N" : 0
        },
        "lat_ns" : {
          "min" : 0,
          "max" : 0,
          "mean" : 0.000000,
          "stddev" : 0.000000,
          "N" : 0
        },
        "bw_min" : 0,
        "bw_max" : 0,
        "bw_agg" : 0.000000,
        "bw_mean" : 0.000000,
        "bw_dev" : 0.000000,
        "bw_samples" : 0,
        "iops_min" : 0,
        "iops_max" : 0,
        "iops_mean" : 0.000000,
        "iops_stddev" : 0.000000,
        "iops_samples" : 0
      },
      "trim" : {
        "io_bytes" : 0,
        "io_kbytes" : 0,
        "bw_bytes" : 0,
        "bw" : 0,
        "iops" : 0.000000,
        "runtime" : 0,
        "total_ios" : 0,
        "short_ios" : 0,
        "drop_ios" : 0,
        "slat_ns" : {
          "min" : 0,
          "max" : 0,
          "mean" : 0.000000,
          "stddev" : 0.000000,
          "N" : 0
        },
        "clat_ns" : {
          "min" : 0,
          "max" : 0,
          "mean" : 0.000000,
          "stddev" : 0.000000,
          "N" : 0
        },
        "lat_ns" : {
          "min" : 0,
          "max" : 0,
          "mean" : 0.000000,
          "stddev" : 0.000000,
          "N" : 0
        },
        "bw_min" : 0,
        "bw_max" : 0,
        "bw_agg" : 0.000000,
        "bw_mean" : 0.000000,
        "bw_dev" : 0.000000,
        "bw_samples" : 0,
        "iops_min" : 0,
        "iops_max" : 0,
        "iops_mean" : 0.000000,
        "iops_stddev" : 0.000000,
        "iops_samples" : 0
      },
      "sync" : {
        "total_ios" : 0,
        "lat_ns" : {
          "min" : 0,
          "max" : 0,
          "mean" : 0.000000,
          "stddev" : 0.000000,
          "N" : 0
        }
      },
      "job_runtime" : 10000,
      "usr_cpu" : 2.450000,
      "sys_cpu" : 8.990000,
      "ctx" : 14383,
      "majf" : 0,
      "minf" : 42,
      "iodepth_level" : {
        "1" : 100.000000,
        "2" : 0.000000,
        "4" : 0.000000,
        "8" : 0.000000,
        "16" : 0.000000,
        "32" : 0.000000,
        ">=64" : 0.000000
      },
      "iodepth_submit" : {
        "0" : 0.000000,
        "4" : 100.000000,
        "8" : 0.000000,
        "16" : 0.000000,
        "32" : 0.000000,
        "64" : 0.000000,
        ">=64" : 0.000000
      },
      "iodepth_complete" : {
        "0" : 0.000000,
        "4" : 100.000000,
        "8" : 0.000000,
        "16" : 0.000000,
        "32" : 0.000000,
        "64" : 0.000000,
        ">=64" : 0.000000
      },
      "latency_ns" : {
        "2" : 0.000000,
        "4" : 0.000000,
        "10" : 0.000000,
        "20" : 0.000000,
        "50" : 0.000000,
        "100" : 0.000000,
        "250" : 0.000000,
        "500" : 0.000000,
        "750" : 0.000000,
        "1000" : 0.000000
      },
      "latency_us" : {
        "2" : 0.000000,
        "4" : 0.000000,
        "10" : 0.000000,
        "20" : 0.000000,
        "50" : 0.000000,
        "100" : 0.000000,
        "250" : 0.000000,
        "500" : 20.696850,
        "750" : 49.252382,
        "1000" : 19.361569
      },
      "latency_ms" : {
        "2" : 10.682245,
        "4" : 0.010000,
        "10" : 0.000000,
        "20" : 0.000000,
        "50" : 0.000000,
        "100" : 0.000000,
        "250" : 0.000000,
        "500" : 0.000000,
        "750" : 0.000000,
        "1000" : 0.000000,
        "2000" : 0.000000,
        ">=2000" : 0.000000
      },
      "latency_depth" : 1,
      "latency_target" : 0,
      "latency_percentile" : 100.000000,
      "latency_window" : 0
    }
  ],
  "disk_util" : [
    {
      "name" : "sda",
      "read_ios" : 14214,
      "write_ios" : 69,
      "read_sectors" : 3638784,
      "write_sectors" : 720,
      "read_merges" : 0,
      "write_merges" : 14,
      "read_ticks" : 9140,
      "write_ticks" : 48,
      "in_queue" : 9193,
      "util" : 90.825321
    }
  ]
}
