{
  "fio version" : "fio-3.36",
  "timestamp" : 1765152929,
  "timestamp_ms" : 1765152929500,
  "time" : "Mon Dec  8 00:15:29 2025",
  "jobs" : [
    {
      "jobname" : "test",
      "groupid" : 0,
      "job_start" : 1765152919483,
      "error" : 0,
      "eta" : 0,
      "elapsed" : 11,
      "job options" : {
        "name" : "test",
        "filename" : "./testfile",
        "rw" : "randrw",
        "filesize" : "1G",
        "bs" : "128k",
        "numjobs" : "1",
        "iodepth" : "1",
        "direct" : "1",
        "runtime" : "10"
      },
      "read" : {
        "io_bytes" : 1002700800,
        "io_kbytes" : 979200,
        "bw_bytes" : 100240007,
        "bw" : 97890,
        "iops" : 764.770569,
        "runtime" : 10003,
        "total_ios" : 7650,
        "short_ios" : 0,
        "drop_ios" : 0,
        "slat_ns" : {
          "min" : 0,
          "max" : 0,
          "mean" : 0.000000,
          "stddev" : 0.000000,
          "N" : 0
        },
        "clat_ns" : {
          "min" : 188410,
          "max" : 202309724,
          "mean" : 1012678.900784,
          "stddev" : 4968549.255384,
          "N" : 7650,
          "percentile" : {
            "1.000000" : 337920,
            "5.000000" : 366592,
            "10.000000" : 382976,
            "20.000000" : 407552,
            "30.000000" : 432128,
            "40.000000" : 460800,
            "50.000000" : 497664,
            "60.000000" : 561152,
            "70.000000" : 651264,
            "80.000000" : 757760,
            "90.000000" : 1105920,
            "95.000000" : 3489792,
            "99.000000" : 6717440,
            "99.500000" : 8093696,
            "99.900000" : 67633152,
            "99.950000" : 158334976,
            "99.990000" : 202375168
          }
        },
        "lat_ns" : {
          "min" : 188453,
          "max" : 202309814,
          "mean" : 1012774.181307,
          "stddev" : 4968553.789090,
          "N" : 7650
        },
        "bw_min" : 8704,
        "bw_max" : 130304,
        "bw_agg" : 99.299594,
        "bw_mean" : 97205.789474,
        "bw_dev" : 32765.195183,
        "bw_samples" : 19,
        "iops_min" : 68,
        "iops_max" : 1018,
        "iops_mean" : 759.263158,
        "iops_stddev" : 255.942016,
        "iops_samples" : 19
      },
      "write" : {
        "io_bytes" : 1008467968,
        "io_kbytes" : 984832,
        "bw_bytes" : 100816551,
        "bw" : 98453,
        "iops" : 769.169249,
        "runtime" : 10003,
        "total_ios" : 7694,
        "short_ios" : 0,
        "drop_ios" : 0,
        "slat_ns" : {
          "min" : 0,
          "max" : 0,
          "mean" : 0.000000,
          "stddev" : 0.000000,
          "N" : 0
        },
        "clat_ns" : {
          "min" : 178788,
          "max" : 6903456,
          "mean" : 288040.247726,
          "stddev" : 182085.048147,
          "N" : 7694,
          "percentile" : {
            "1.000000" : 181248,
            "5.000000" : 183296,
            "10.000000" : 187392,
            "20.000000" : 193536,
            "30.000000" : 201728,
            "40.000000" : 211968,
            "50.000000" : 230400,
            "60.000000" : 248832,
            "70.000000" : 264192,
            "80.000000" : 305152,
            "90.000000" : 528384,
            "95.000000" : 708608,
            "99.000000" : 864256,
            "99.500000" : 970752,
            "99.900000" : 1564672,
            "99.950000" : 2056192,
            "99.990000" : 6914048
          }
        },
        "lat_ns" : {
          "min" : 180399,
          "max" : 6905476,
          "mean" : 290737.842475,
          "stddev" : 182679.615202,
          "N" : 7694
        },
        "bw_min" : 10240,
        "bw_max" : 132352,
        "bw_agg" : 99.171526,
        "bw_mean" : 97638.684211,
        "bw_dev" : 33523.062315,
        "bw_samples" : 19,
        "iops_min" : 80,
        "iops_max" : 1034,
        "iops_mean" : 762.631579,
        "iops_stddev" : 261.871090,
        "iops_samples" : 19
      },
      "trim" : {
        "io_bytes" : 0,
        "io_kbytes" : 0,
        "bw_bytes" : 0,
        "bw" : 0,
        "iops" : 0.000000,
        "runtime" : 0,
        "total_ios" : 0,
        "short_ios" : 0,
        "drop_ios" : 0,
        "slat_ns" : {
          "min" : 0,
          "max" : 0,
          "mean" : 0.000000,
          "stddev" : 0.000000,
          "N" : 0
        },
        "clat_ns" : {
          "min" : 0,
          "max" : 0,
          "mean" : 0.000000,
          "stddev" : 0.000000,
          "N" : 0
        },
        "lat_ns" : {
          "min" : 0,
          "max" : 0,
          "mean" : 0.000000,
          "stddev" : 0.000000,
          "N" : 0
        },
        "bw_min" : 0,
        "bw_max" : 0,
        "bw_agg" : 0.000000,
        "bw_mean" : 0.000000,
        "bw_dev" : 0.000000,
        "bw_samples" : 0,
        "iops_min" : 0,
        "iops_max" : 0,
        "iops_mean" : 0.000000,
        "iops_stddev" : 0.000000,
        "iops_samples" : 0
      },
      "sync" : {
        "total_ios" : 0,
        "lat_ns" : {
          "min" : 0,
          "max" : 0,
          "mean" : 0.000000,
          "stddev" : 0.000000,
          "N" : 0
        }
      },
      "job_runtime" : 10002,
      "usr_cpu" : 0.000000,
      "sys_cpu" : 20.775845,
      "ctx" : 14827,
      "majf" : 0,
      "minf" : 11,
      "iodepth_level" : {
        "1" : 100.000000,
        "2" : 0.000000,
        "4" : 0.000000,
        "8" : 0.000000,
        "16" : 0.000000,
        "32" : 0.000000,
        ">=64" : 0.000000
      },
      "iodepth_submit" : {
        "0" : 0.000000,
        "4" : 100.000000,
        "8" : 0.000000,
        "16" : 0.000000,
        "32" : 0.000000,
        "64" : 0.000000,
        ">=64" : 0.000000
      },
      "iodepth_complete" : {
        "0" : 0.000000,
        "4" : 100.000000,
        "8" : 0.000000,
        "16" : 0.000000,
        "32" : 0.000000,
        "64" : 0.000000,
        ">=64" : 0.000000
      },
      "latency_ns" : {
        "2" : 0.000000,
        "4" : 0.000000,
        "10" : 0.000000,
        "20" : 0.000000,
        "50" : 0.000000,
        "100" : 0.000000,
        "250" : 0.000000,
        "500" : 0.000000,
        "750" : 0.000000,
        "1000" : 0.000000
      },
      "latency_us" : {
        "2" : 0.000000,
        "4" : 0.000000,
        "10" : 0.000000,
        "20" : 0.000000,
        "50" : 0.000000,
        "100" : 0.000000,
        "250" : 30.689520,
        "500" : 39.096715,
        "750" : 18.222106,
        "1000" : 6.067518
      },
      "latency_ms" : {
        "2" : 1.955162,
        "4" : 2.000782,
        "10" : 1.837852,
        "20" : 0.045620,
        "50" : 0.019552,
        "100" : 0.032586,
        "250" : 0.032586,
        "500" : 0.000000,
        "750" : 0.000000,
        "1000" : 0.000000,
        "2000" : 0.000000,
        ">=2000" : 0.000000
      },
      "latency_depth" : 1,
      "latency_target" : 0,
      "latency_percentile" : 100.000000,
      "latency_window" : 0
    }
  ],
  "disk_util" : [
    {
      "name" : "sda",
      "read_ios" : 7563,
      "write_ios" : 7627,
      "read_sectors" : 1936128,
      "write_sectors" : 1949392,
      "read_merges" : 0,
      "write_merges" : 12,
      "read_ticks" : 6841,
      "write_ticks" : 1468,
      "in_queue" : 8318,
      "util" : 73.246493
    }
  ]
}
