{
  "fio version" : "fio-3.36",
  "timestamp" : 1765152939,
  "timestamp_ms" : 1765152939775,
  "time" : "Mon Dec  8 00:15:39 2025",
  "jobs" : [
    {
      "jobname" : "test",
      "groupid" : 0,
      "job_start" : 1765152929763,
      "error" : 0,
      "eta" : 0,
      "elapsed" : 11,
      "job options" : {
        "name" : "test",
        "filename" : "./testfile",
        "rw" : "randrw",
        "filesize" : "1G",
        "bs" : "128k",
        "numjobs" : "1",
        "iodepth" : "1",
        "direct" : "1",
        "runtime" : "10"
      },
      "read" : {
        "io_bytes" : 1142947840,
        "io_kbytes" : 1116160,
        "bw_bytes" : 114271929,
        "bw" : 111593,
        "iops" : 871.825635,
        "runtime" : 10002,
        "total_ios" : 8720,
        "short_ios" : 0,
        "drop_ios" : 0,
        "slat_ns" : {
          "min" : 0,
          "max" : 0,
          "mean" : 0.000000,
          "stddev" : 0.000000,
          "N" : 0
        },
        "clat_ns" : {
          "min" : 183655,
          "max" : 22432394,
          "mean" : 852034.260092,
          "stddev" : 1211398.913881,
          "N" : 8720,
          "percentile" : {
            "1.000000" : 342016,
            "5.000000" : 370688,
            "10.000000" : 387072,
            "20.000000" : 411648,
            "30.000000" : 432128,
            "40.000000" : 460800,
            "50.000000" : 501760,
            "60.000000" : 561152,
            "70.000000" : 651264,
            "80.000000" : 741376,
            "90.000000" : 1073152,
            "95.000000" : 3391488,
            "99.000000" : 6455296,
            "99.500000" : 7307264,
            "99.900000" : 10420224,
            "99.950000" : 13565952,
            "99.990000" : 22413312
          }
        },
        "lat_ns" : {
          "min" : 183764,
          "max" : 22432447,
          "mean" : 852129.644839,
          "stddev" : 1211401.883063,
          "N" : 8720
        },
        "bw_min" : 95041,
        "bw_max" : 128256,
        "bw_agg" : 99.798662,
        "bw_mean" : 111369.631579,
        "bw_dev" : 7357.709201,
        "bw_samples" : 19,
        "iops_min" : 742,
        "iops_max" : 1002,
        "iops_mean" : 870.000000,
        "iops_stddev" : 57.580861,
        "iops_samples" : 19
      },
      "write" : {
        "io_bytes" : 1142554624,
        "io_kbytes" : 1115776,
        "bw_bytes" : 114232615,
        "bw" : 111555,
        "iops" : 871.525695,
        "runtime" : 10002,
        "total_ios" : 8717,
        "short_ios" : 0,
        "drop_ios" : 0,
        "slat_ns" : {
          "min" : 0,
          "max" : 0,
          "mean" : 0.000000,
          "stddev" : 0.000000,
          "N" : 0
        },
        "clat_ns" : {
          "min" : 178883,
          "max" : 2485292,
          "mean" : 289743.850063,
          "stddev" : 160629.390486,
          "N" : 8717,
          "percentile" : {
            "1.000000" : 181248,
            "5.000000" : 185344,
            "10.000000" : 189440,
            "20.000000" : 197632,
            "30.000000" : 205824,
            "40.000000" : 218112,
            "50.000000" : 236544,
            "60.000000" : 254976,
            "70.000000" : 272384,
            "80.000000" : 313344,
            "90.000000" : 501760,
            "95.000000" : 700416,
            "99.000000" : 872448,
            "99.500000" : 995328,
            "99.900000" : 1482752,
            "99.950000" : 1662976,
            "99.990000" : 2473984
          }
        },
        "lat_ns" : {
          "min" : 179997,
          "max" : 2489136,
          "mean" : 292492.027647,
          "stddev" : 161555.271694,
          "N" : 8717
        },
        "bw_min" : 93440,
        "bw_max" : 126208,
        "bw_agg" : 100.000000,
        "bw_mean" : 111892.947368,
        "bw_dev" : 7844.066508,
        "bw_samples" : 19,
        "iops_min" : 730,
        "iops_max" : 986,
        "iops_mean" : 874.105263,
        "iops_stddev" : 61.306058,
        "iops_samples" : 19
      },
      "trim" : {
        "io_bytes" : 0,
        "io_kbytes" : 0,
        "bw_bytes" : 0,
        "bw" : 0,
        "iops" : 0.000000,
        "runtime" : 0,
        "total_ios" : 0,
        "short_ios" : 0,
        "drop_ios" : 0,
        "slat_ns" : {
          "min" : 0,
          "max" : 0,
          "mean" : 0.000000,
          "stddev" : 0.000000,
          "N" : 0
        },
        "clat_ns" : {
          "min" : 0,
          "max" : 0,
          "mean" : 0.000000,
          "stddev" : 0.000000,
          "N" : 0
        },
        "lat_ns" : {
          "min" : 0,
          "max" : 0,
          "mean" : 0.000000,
          "stddev" : 0.000000,
          "N" : 0
        },
        "bw_min" : 0,
        "bw_max" : 0,
        "bw_agg" : 0.000000,
        "bw_mean" : 0.000000,
        "bw_dev" : 0.000000,
        "bw_samples" : 0,
        "iops_min" : 0,
        "iops_max" : 0,
        "iops_mean" : 0.000000,
        "iops_stddev" : 0.000000,
        "iops_samples" : 0
      },
      "sync" : {
        "total_ios" : 0,
        "lat_ns" : {
          "min" : 0,
          "max" : 0,
          "mean" : 0.000000,
          "stddev" : 0.000000,
          "N" : 0
        }
      },
      "job_runtime" : 10001,
      "usr_cpu" : 0.019998,
      "sys_cpu" : 23.717628,
      "ctx" : 16882,
      "majf" : 0,
      "minf" : 12,
      "iodepth_level" : {
        "1" : 100.000000,
        "2" : 0.000000,
        "4" : 0.000000,
        "8" : 0.000000,
        "16" : 0.000000,
        "32" : 0.000000,
        ">=64" : 0.000000
      },
      "iodepth_submit" : {
        "0" : 0.000000,
        "4" : 100.000000,
        "8" : 0.000000,
        "16" : 0.000000,
        "32" : 0.000000,
        "64" : 0.000000,
        ">=64" : 0.000000
      },
      "iodepth_complete" : {
        "0" : 0.000000,
        "4" : 100.000000,
        "8" : 0.000000,
        "16" : 0.000000,
        "32" : 0.000000,
        "64" : 0.000000,
        ">=64" : 0.000000
      },
      "latency_ns" : {
        "2" : 0.000000,
        "4" : 0.000000,
        "10" : 0.000000,
        "20" : 0.000000,
        "50" : 0.000000,
        "100" : 0.000000,
        "250" : 0.000000,
        "500" : 0.000000,
        "750" : 0.000000,
        "1000" : 0.000000
      },
      "latency_us" : {
        "2" : 0.000000,
        "4" : 0.000000,
        "10" : 0.000000,
        "20" : 0.000000,
        "50" : 0.000000,
        "100" : 0.000000,
        "250" : 28.468200,
        "500" : 41.452085,
        "750" : 19.011298,
        "1000" : 5.408040
      },
      "latency_ms" : {
        "2" : 1.823708,
        "4" : 1.846648,
        "10" : 1.926937,
        "20" : 0.051614,
        "50" : 0.011470,
        "100" : 0.000000,
        "250" : 0.000000,
        "500" : 0.000000,
        "750" : 0.000000,
        "1000" : 0.000000,
        "2000" : 0.000000,
        ">=2000" : 0.000000
      },
      "latency_depth" : 1,
      "latency_target" : 0,
      "latency_percentile" : 100.000000,
      "latency_window" : 0
    }
  ],
  "disk_util" : [
    {
      "name" : "sda",
      "read_ios" : 8641,
      "write_ios" : 8644,
      "read_sectors" : 2212096,
      "write_sectors" : 2211200,
      "read_merges" : 0,
      "write_merges" : 8,
      "read_ticks" : 6401,
      "write_ticks" : 1678,
      "in_queue" : 8094,
      "util" : 69.421074
    }
  ]
}
