{
  "fio version" : "fio-3.36",
  "timestamp" : 1765152950,
  "timestamp_ms" : 1765152950049,
  "time" : "Mon Dec  8 00:15:50 2025",
  "jobs" : [
    {
      "jobname" : "test",
      "groupid" : 0,
      "job_start" : 1765152940030,
      "error" : 0,
      "eta" : 0,
      "elapsed" : 11,
      "job options" : {
        "name" : "test",
        "filename" : "./testfile",
        "rw" : "randrw",
        "filesize" : "1G",
        "bs" : "128k",
        "numjobs" : "1",
        "iodepth" : "1",
        "direct" : "1",
        "runtime" : "10"
      },
      "read" : {
        "io_bytes" : 988807168,
        "io_kbytes" : 965632,
        "bw_bytes" : 98870829,
        "bw" : 96553,
        "iops" : 754.324568,
        "runtime" : 10001,
        "total_ios" : 7544,
        "short_ios" : 0,
        "drop_ios" : 0,
        "slat_ns" : {
          "min" : 0,
          "max" : 0,
          "mean" : 0.000000,
          "stddev" : 0.000000,
          "N" : 0
        },
        "clat_ns" : {
          "min" : 187325,
          "max" : 274022203,
          "mean" : 1048465.769353,
          "stddev" : 6649356.259838,
          "N" : 7544,
          "percentile" : {
            "1.000000" : 337920,
            "5.000000" : 362496,
            "10.000000" : 378880,
            "20.000000" : 399360,
            "30.000000" : 423936,
            "40.000000" : 440320,
            "50.000000" : 468992,
            "60.000000" : 518144,
            "70.000000" : 602112,
            "80.000000" : 724992,
            "90.000000" : 1073152,
            "95.000000" : 3457024,
            "99.000000" : 6520832,
            "99.500000" : 7176192,
            "99.900000" : 71827456,
            "99.950000" : 208666624,
            "99.990000" : 274726912
          }
        },
        "lat_ns" : {
          "min" : 187420,
          "max" : 274022300,
          "mean" : 1048556.869035,
          "stddev" : 6649358.541731,
          "N" : 7544
        },
        "bw_min" : 7424,
        "bw_max" : 131072,
        "bw_agg" : 99.238201,
        "bw_mean" : 95818.315789,
        "bw_dev" : 43112.044402,
        "bw_samples" : 19,
        "iops_min" : 58,
        "iops_max" : 1024,
        "iops_mean" : 748.473684,
        "iops_stddev" : 336.867658,
        "iops_samples" : 19
      },
      "write" : {
        "io_bytes" : 995753984,
        "io_kbytes" : 972416,
        "bw_bytes" : 99565441,
        "bw" : 97231,
        "iops" : 759.624038,
        "runtime" : 10001,
        "total_ios" : 7597,
        "short_ios" : 0,
        "drop_ios" : 0,
        "slat_ns" : {
          "min" : 0,
          "max" : 0,
          "mean" : 0.000000,
          "stddev" : 0.000000,
          "N" : 0
        },
        "clat_ns" : {
          "min" : 178579,
          "max" : 2326558,
          "mean" : 270261.838357,
          "stddev" : 149567.739628,
          "N" : 7597,
          "percentile" : {
            "1.000000" : 181248,
            "5.000000" : 183296,
            "10.000000" : 185344,
            "20.000000" : 189440,
            "30.000000" : 195584,
            "40.000000" : 205824,
            "50.000000" : 220160,
            "60.000000" : 242688,
            "70.000000" : 259072,
            "80.000000" : 284672,
            "90.000000" : 395264,
            "95.000000" : 643072,
            "99.000000" : 847872,
            "99.500000" : 987136,
            "99.900000" : 1318912,
            "99.950000" : 1761280,
            "99.990000" : 2342912
          }
        },
        "lat_ns" : {
          "min" : 179558,
          "max" : 2327505,
          "mean" : 272654.954061,
          "stddev" : 150110.150065,
          "N" : 7597
        },
        "bw_min" : 5120,
        "bw_max" : 129792,
        "bw_agg" : 99.058050,
        "bw_mean" : 96316.684211,
        "bw_dev" : 43460.916468,
        "bw_samples" : 19,
        "iops_min" : 40,
        "iops_max" : 1014,
        "iops_mean" : 752.368421,
        "iops_stddev" : 339.605525,
        "iops_samples" : 19
      },
      "trim" : {
        "io_bytes" : 0,
        "io_kbytes" : 0,
        "bw_bytes" : 0,
        "bw" : 0,
        "iops" : 0.000000,
        "runtime" : 0,
        "total_ios" : 0,
        "short_ios" : 0,
        "drop_ios" : 0,
        "slat_ns" : {
          "min" : 0,
          "max" : 0,
          "mean" : 0.000000,
          "stddev" : 0.000000,
          "N" : 0
        },
        "clat_ns" : {
          "min" : 0,
          "max" : 0,
          "mean" : 0.000000,
          "stddev" : 0.000000,
          "N" : 0
        },
        "lat_ns" : {
          "min" : 0,
          "max" : 0,
          "mean" : 0.000000,
          "stddev" : 0.000000,
          "N" : 0
        },
        "bw_min" : 0,
        "bw_max" : 0,
        "bw_agg" : 0.000000,
        "bw_mean" : 0.000000,
        "bw_dev" : 0.000000,
        "bw_samples" : 0,
        "iops_min" : 0,
        "iops_max" : 0,
        "iops_mean" : 0.000000,
        "iops_stddev" : 0.000000,
        "iops_samples" : 0
      },
      "sync" : {
        "total_ios" : 0,
        "lat_ns" : {
          "min" : 0,
          "max" : 0,
          "mean" : 0.000000,
          "stddev" : 0.000000,
          "N" : 0
        }
      },
      "job_runtime" : 10000,
      "usr_cpu" : 0.000000,
      "sys_cpu" : 19.450000,
      "ctx" : 14630,
      "majf" : 0,
      "minf" : 12,
      "iodepth_level" : {
        "1" : 100.000000,
        "2" : 0.000000,
        "4" : 0.000000,
        "8" : 0.000000,
        "16" : 0.000000,
        "32" : 0.000000,
        ">=64" : 0.000000
      },
      "iodepth_submit" : {
        "0" : 0.000000,
        "4" : 100.000000,
        "8" : 0.000000,
        "16" : 0.000000,
        "32" : 0.000000,
        "64" : 0.000000,
        ">=64" : 0.000000
      },
      "iodepth_complete" : {
        "0" : 0.000000,
        "4" : 100.000000,
        "8" : 0.000000,
        "16" : 0.000000,
        "32" : 0.000000,
        "64" : 0.000000,
        ">=64" : 0.000000
      },
      "latency_ns" : {
        "2" : 0.000000,
        "4" : 0.000000,
        "10" : 0.000000,
        "20" : 0.000000,
        "50" : 0.000000,
        "100" : 0.000000,
        "250" : 0.000000,
        "500" : 0.000000,
        "750" : 0.000000,
        "1000" : 0.000000
      },
      "latency_us" : {
        "2" : 0.000000,
        "4" : 0.000000,
        "10" : 0.000000,
        "20" : 0.000000,
        "50" : 0.000000,
        "100" : 0.000000,
        "250" : 32.435110,
        "500" : 42.024965,
        "750" : 15.322634,
        "1000" : 4.484512
      },
      "latency_ms" : {
        "2" : 1.855888,
        "4" : 1.862493,
        "10" : 1.882306,
        "20" : 0.052837,
        "50" : 0.010000,
        "100" : 0.026418,
        "250" : 0.033023,
        "500" : 0.013209,
        "750" : 0.000000,
        "1000" : 0.000000,
        "2000" : 0.000000,
        ">=2000" : 0.000000
      },
      "latency_depth" : 1,
      "latency_target" : 0,
      "latency_percentile" : 100.000000,
      "latency_window" : 0
    }
  ],
  "disk_util" : [
    {
      "name" : "sda",
      "read_ios" : 7454,
      "write_ios" : 7498,
      "read_sectors" : 1908224,
      "write_sectors" : 1918320,
      "read_merges" : 0,
      "write_merges" : 8,
      "read_ticks" : 7070,
      "write_ticks" : 1342,
      "in_queue" : 8419,
      "util" : 74.689503
    }
  ]
}
