{
  "fio version" : "fio-3.36",
  "timestamp" : 1764722278,
  "timestamp_ms" : 1764722278347,
  "time" : "Wed Dec  3 00:37:58 2025",
  "jobs" : [
    {
      "jobname" : "test",
      "groupid" : 0,
      "job_start" : 1764722268329,
      "error" : 0,
      "eta" : 0,
      "elapsed" : 11,
      "job options" : {
        "name" : "test",
        "filename" : "./testfile",
        "rw" : "randread",
        "filesize" : "100M",
        "bs" : "128k",
        "numjobs" : "1",
        "iodepth" : "1",
        "direct" : "1",
        "runtime" : "10"
      },
      "read" : {
        "io_bytes" : 1847197696,
        "io_kbytes" : 1803904,
        "bw_bytes" : 184701299,
        "bw" : 180372,
        "iops" : 1409.159084,
        "runtime" : 10001,
        "total_ios" : 14093,
        "short_ios" : 0,
        "drop_ios" : 0,
        "slat_ns" : {
          "min" : 0,
          "max" : 0,
          "mean" : 0.000000,
          "stddev" : 0.000000,
          "N" : 0
        },
        "clat_ns" : {
          "min" : 437391,
          "max" : 3297842,
          "mean" : 697458.035195,
          "stddev" : 141483.901961,
          "N" : 14093,
          "percentile" : {
            "1.000000" : 440320,
            "5.000000" : 448512,
            "10.000000" : 481280,
            "20.000000" : 528384,
            "30.000000" : 610304,
            "40.000000" : 708608,
            "50.000000" : 749568,
            "60.000000" : 774144,
            "70.000000" : 790528,
            "80.000000" : 823296,
            "90.000000" : 839680,
            "95.000000" : 856064,
            "99.000000" : 897024,
            "99.500000" : 921600,
            "99.900000" : 1028096,
            "99.950000" : 1056768,
            "99.990000" : 3162112
          }
        },
        "lat_ns" : {
          "min" : 437525,
          "max" : 3297963,
          "mean" : 698193.761300,
          "stddev" : 141741.956558,
          "N" : 14093
        },
        "bw_min" : 169472,
        "bw_max" : 201216,
        "bw_agg" : 99.723149,
        "bw_mean" : 179873.684211,
        "bw_dev" : 10354.984828,
        "bw_samples" : 19,
        "iops_min" : 1324,
        "iops_max" : 1572,
        "iops_mean" : 1405.263158,
        "iops_stddev" : 80.898319,
        "iops_samples" : 19
      },
      "write" : {
        "io_bytes" : 0,
        "io_kbytes" : 0,
        "bw_bytes" : 0,
        "bw" : 0,
        "iops" : 0.000000,
        "runtime" : 0,
        "total_ios" : 0,
        "short_ios" : 0,
        "drop_ios" : 0,
        "slat_ns" : {
          "min" : 0,
          "max" : 0,
          "mean" : 0.000000,
          "stddev" : 0.000000,
          "N" : 0
        },
        "clat_ns" : {
          "min" : 0,
          "max" : 0,
          "mean" : 0.000000,
          "stddev" : 0.000000,
          "N" : 0
        },
        "lat_ns" : {
          "min" : 0,
          "max" : 0,
          "mean" : 0.000000,
          "stddev" : 0.000000,
          "N" : 0
        },
        "bw_min" : 0,
        "bw_max" : 0,
        "bw_agg" : 0.000000,
        "bw_mean" : 0.000000,
        "bw_dev" : 0.000000,
        "bw_samples" : 0,
        "iops_min" : 0,
        "iops_max" : 0,
        "iops_mean" : 0.000000,
        "iops_stddev" : 0.000000,
        "iops_samples" : 0
      },
      "trim" : {
        "io_bytes" : 0,
        "io_kbytes" : 0,
        "bw_bytes" : 0,
        "bw" : 0,
        "iops" : 0.000000,
        "runtime" : 0,
        "total_ios" : 0,
        "short_ios" : 0,
        "drop_ios" : 0,
        "slat_ns" : {
          "min" : 0,
          "max" : 0,
          "mean" : 0.000000,
          "stddev" : 0.000000,
          "N" : 0
        },
        "clat_ns" : {
          "min" : 0,
          "max" : 0,
          "mean" : 0.000000,
          "stddev" : 0.000000,
          "N" : 0
        },
        "lat_ns" : {
          "min" : 0,
          "max" : 0,
          "mean" : 0.000000,
          "stddev" : 0.000000,
          "N" : 0
        },
        "bw_min" : 0,
        "bw_max" : 0,
        "bw_agg" : 0.000000,
        "bw_mean" : 0.000000,
        "bw_dev" : 0.000000,
        "bw_samples" : 0,
        "iops_min" : 0,
        "iops_max" : 0,
        "iops_mean" : 0.000000,
        "iops_stddev" : 0.000000,
        "iops_samples" : 0
      },
      "sync" : {
        "total_ios" : 0,
        "lat_ns" : {
          "min" : 0,
          "max" : 0,
          "mean" : 0.000000,
          "stddev" : 0.000000,
          "N" : 0
        }
      },
      "job_runtime" : 10000,
      "usr_cpu" : 3.440000,
      "sys_cpu" : 14.890000,
      "ctx" : 14095,
      "majf" : 0,
      "minf" : 41,
      "iodepth_level" : {
        "1" : 100.000000,
        "2" : 0.000000,
        "4" : 0.000000,
        "8" : 0.000000,
        "16" : 0.000000,
        "32" : 0.000000,
        ">=64" : 0.000000
      },
      "iodepth_submit" : {
        "0" : 0.000000,
        "4" : 100.000000,
        "8" : 0.000000,
        "16" : 0.000000,
        "32" : 0.000000,
        "64" : 0.000000,
        ">=64" : 0.000000
      },
      "iodepth_complete" : {
        "0" : 0.000000,
        "4" : 100.000000,
        "8" : 0.000000,
        "16" : 0.000000,
        "32" : 0.000000,
        "64" : 0.000000,
        ">=64" : 0.000000
      },
      "latency_ns" : {
        "2" : 0.000000,
        "4" : 0.000000,
        "10" : 0.000000,
        "20" : 0.000000,
        "50" : 0.000000,
        "100" : 0.000000,
        "250" : 0.000000,
        "500" : 0.000000,
        "750" : 0.000000,
        "1000" : 0.000000
      },
      "latency_us" : {
        "2" : 0.000000,
        "4" : 0.000000,
        "10" : 0.000000,
        "20" : 0.000000,
        "50" : 0.000000,
        "100" : 0.000000,
        "250" : 0.000000,
        "500" : 12.807777,
        "750" : 36.074647,
        "1000" : 50.933087
      },
      "latency_ms" : {
        "2" : 0.170297,
        "4" : 0.014191,
        "10" : 0.000000,
        "20" : 0.000000,
        "50" : 0.000000,
        "100" : 0.000000,
        "250" : 0.000000,
        "500" : 0.000000,
        "750" : 0.000000,
        "1000" : 0.000000,
        "2000" : 0.000000,
        ">=2000" : 0.000000
      },
      "latency_depth" : 1,
      "latency_target" : 0,
      "latency_percentile" : 100.000000,
      "latency_window" : 0
    }
  ],
  "disk_util" : [
    {
      "name" : "sda",
      "read_ios" : 13930,
      "write_ios" : 3,
      "read_sectors" : 3566080,
      "write_sectors" : 80,
      "read_merges" : 0,
      "write_merges" : 6,
      "read_ticks" : 8378,
      "write_ticks" : 1,
      "in_queue" : 8381,
      "util" : 81.356442
    }
  ]
}
