{
  "fio version" : "fio-3.36",
  "timestamp" : 1764722393,
  "timestamp_ms" : 1764722393243,
  "time" : "Wed Dec  3 00:39:53 2025",
  "jobs" : [
    {
      "jobname" : "test",
      "groupid" : 0,
      "job_start" : 1764722383212,
      "error" : 0,
      "eta" : 0,
      "elapsed" : 11,
      "job options" : {
        "name" : "test",
        "filename" : "./testfile",
        "rw" : "randrw",
        "filesize" : "500M",
        "bs" : "128k",
        "numjobs" : "1",
        "iodepth" : "1",
        "direct" : "1",
        "runtime" : "10"
      },
      "read" : {
        "io_bytes" : 957743104,
        "io_kbytes" : 935296,
        "bw_bytes" : 95764733,
        "bw" : 93520,
        "iops" : 730.626937,
        "runtime" : 10001,
        "total_ios" : 7307,
        "short_ios" : 0,
        "drop_ios" : 0,
        "slat_ns" : {
          "min" : 0,
          "max" : 0,
          "mean" : 0.000000,
          "stddev" : 0.000000,
          "N" : 0
        },
        "clat_ns" : {
          "min" : 435156,
          "max" : 27639485,
          "mean" : 805734.105242,
          "stddev" : 454832.671443,
          "N" : 7307,
          "percentile" : {
            "1.000000" : 440320,
            "5.000000" : 497664,
            "10.000000" : 569344,
            "20.000000" : 684032,
            "30.000000" : 741376,
            "40.000000" : 774144,
            "50.000000" : 806912,
            "60.000000" : 839680,
            "70.000000" : 872448,
            "80.000000" : 905216,
            "90.000000" : 946176,
            "95.000000" : 995328,
            "99.000000" : 1056768,
            "99.500000" : 1089536,
            "99.900000" : 7438336,
            "99.950000" : 7569408,
            "99.990000" : 27656192
          }
        },
        "lat_ns" : {
          "min" : 435299,
          "max" : 27640181,
          "mean" : 806416.768441,
          "stddev" : 454907.663746,
          "N" : 7307
        },
        "bw_min" : 84480,
        "bw_max" : 108288,
        "bw_agg" : 100.000000,
        "bw_mean" : 93817.368421,
        "bw_dev" : 7815.116123,
        "bw_samples" : 19,
        "iops_min" : 660,
        "iops_max" : 846,
        "iops_mean" : 732.894737,
        "iops_stddev" : 61.089092,
        "iops_samples" : 19
      },
      "write" : {
        "io_bytes" : 962199552,
        "io_kbytes" : 939648,
        "bw_bytes" : 96210334,
        "bw" : 93955,
        "iops" : 734.026597,
        "runtime" : 10001,
        "total_ios" : 7341,
        "short_ios" : 0,
        "drop_ios" : 0,
        "slat_ns" : {
          "min" : 0,
          "max" : 0,
          "mean" : 0.000000,
          "stddev" : 0.000000,
          "N" : 0
        },
        "clat_ns" : {
          "min" : 274307,
          "max" : 29353002,
          "mean" : 521677.412614,
          "stddev" : 440510.092321,
          "N" : 7341,
          "percentile" : {
            "1.000000" : 280576,
            "5.000000" : 288768,
            "10.000000" : 301056,
            "20.000000" : 325632,
            "30.000000" : 473088,
            "40.000000" : 552960,
            "50.000000" : 569344,
            "60.000000" : 577536,
            "70.000000" : 593920,
            "80.000000" : 602112,
            "90.000000" : 626688,
            "95.000000" : 634880,
            "99.000000" : 675840,
            "99.500000" : 684032,
            "99.900000" : 6782976,
            "99.950000" : 6848512,
            "99.990000" : 29229056
          }
        },
        "lat_ns" : {
          "min" : 281300,
          "max" : 29365228,
          "mean" : 533350.846206,
          "stddev" : 440926.406056,
          "N" : 7341
        },
        "bw_min" : 84480,
        "bw_max" : 111360,
        "bw_agg" : 100.000000,
        "bw_mean" : 94315.842105,
        "bw_dev" : 8351.727714,
        "bw_samples" : 19,
        "iops_min" : 660,
        "iops_max" : 870,
        "iops_mean" : 736.789474,
        "iops_stddev" : 65.272573,
        "iops_samples" : 19
      },
      "trim" : {
        "io_bytes" : 0,
        "io_kbytes" : 0,
        "bw_bytes" : 0,
        "bw" : 0,
        "iops" : 0.000000,
        "runtime" : 0,
        "total_ios" : 0,
        "short_ios" : 0,
        "drop_ios" : 0,
        "slat_ns" : {
          "min" : 0,
          "max" : 0,
          "mean" : 0.000000,
          "stddev" : 0.000000,
          "N" : 0
        },
        "clat_ns" : {
          "min" : 0,
          "max" : 0,
          "mean" : 0.000000,
          "stddev" : 0.000000,
          "N" : 0
        },
        "lat_ns" : {
          "min" : 0,
          "max" : 0,
          "mean" : 0.000000,
          "stddev" : 0.000000,
          "N" : 0
        },
        "bw_min" : 0,
        "bw_max" : 0,
        "bw_agg" : 0.000000,
        "bw_mean" : 0.000000,
        "bw_dev" : 0.000000,
        "bw_samples" : 0,
        "iops_min" : 0,
        "iops_max" : 0,
        "iops_mean" : 0.000000,
        "iops_stddev" : 0.000000,
        "iops_samples" : 0
      },
      "sync" : {
        "total_ios" : 0,
        "lat_ns" : {
          "min" : 0,
          "max" : 0,
          "mean" : 0.000000,
          "stddev" : 0.000000,
          "N" : 0
        }
      },
      "job_runtime" : 10000,
      "usr_cpu" : 4.810000,
      "sys_cpu" : 16.100000,
      "ctx" : 14655,
      "majf" : 0,
      "minf" : 12,
      "iodepth_level" : {
        "1" : 100.000000,
        "2" : 0.000000,
        "4" : 0.000000,
        "8" : 0.000000,
        "16" : 0.000000,
        "32" : 0.000000,
        ">=64" : 0.000000
      },
      "iodepth_submit" : {
        "0" : 0.000000,
        "4" : 100.000000,
        "8" : 0.000000,
        "16" : 0.000000,
        "32" : 0.000000,
        "64" : 0.000000,
        ">=64" : 0.000000
      },
      "iodepth_complete" : {
        "0" : 0.000000,
        "4" : 100.000000,
        "8" : 0.000000,
        "16" : 0.000000,
        "32" : 0.000000,
        "64" : 0.000000,
        ">=64" : 0.000000
      },
      "latency_ns" : {
        "2" : 0.000000,
        "4" : 0.000000,
        "10" : 0.000000,
        "20" : 0.000000,
        "50" : 0.000000,
        "100" : 0.000000,
        "250" : 0.000000,
        "500" : 0.000000,
        "750" : 0.000000,
        "1000" : 0.000000
      },
      "latency_us" : {
        "2" : 0.000000,
        "4" : 0.000000,
        "10" : 0.000000,
        "20" : 0.000000,
        "50" : 0.000000,
        "100" : 0.000000,
        "250" : 0.000000,
        "500" : 18.466685,
        "750" : 47.412616,
        "1000" : 31.663026
      },
      "latency_ms" : {
        "2" : 2.259694,
        "4" : 0.000000,
        "10" : 0.184326,
        "20" : 0.000000,
        "50" : 0.013654,
        "100" : 0.000000,
        "250" : 0.000000,
        "500" : 0.000000,
        "750" : 0.000000,
        "1000" : 0.000000,
        "2000" : 0.000000,
        ">=2000" : 0.000000
      },
      "latency_depth" : 1,
      "latency_target" : 0,
      "latency_percentile" : 100.000000,
      "latency_window" : 0
    }
  ],
  "disk_util" : [
    {
      "name" : "sda",
      "read_ios" : 7224,
      "write_ios" : 7271,
      "read_sectors" : 1849344,
      "write_sectors" : 1857752,
      "read_merges" : 0,
      "write_merges" : 11,
      "read_ticks" : 5023,
      "write_ticks" : 3014,
      "in_queue" : 8040,
      "util" : 80.630269
    }
  ]
}
