{
  "fio version" : "fio-3.36",
  "timestamp" : 1764722403,
  "timestamp_ms" : 1764722403558,
  "time" : "Wed Dec  3 00:40:03 2025",
  "jobs" : [
    {
      "jobname" : "test",
      "groupid" : 0,
      "job_start" : 1764722393533,
      "error" : 0,
      "eta" : 0,
      "elapsed" : 11,
      "job options" : {
        "name" : "test",
        "filename" : "./testfile",
        "rw" : "randrw",
        "filesize" : "500M",
        "bs" : "128k",
        "numjobs" : "1",
        "iodepth" : "1",
        "direct" : "1",
        "runtime" : "10"
      },
      "read" : {
        "io_bytes" : 1011089408,
        "io_kbytes" : 987392,
        "bw_bytes" : 101098830,
        "bw" : 98729,
        "iops" : 771.322868,
        "runtime" : 10001,
        "total_ios" : 7714,
        "short_ios" : 0,
        "drop_ios" : 0,
        "slat_ns" : {
          "min" : 0,
          "max" : 0,
          "mean" : 0.000000,
          "stddev" : 0.000000,
          "N" : 0
        },
        "clat_ns" : {
          "min" : 432559,
          "max" : 27345971,
          "mean" : 773629.578818,
          "stddev" : 445390.826047,
          "N" : 7714,
          "percentile" : {
            "1.000000" : 440320,
            "5.000000" : 468992,
            "10.000000" : 528384,
            "20.000000" : 618496,
            "30.000000" : 692224,
            "40.000000" : 741376,
            "50.000000" : 774144,
            "60.000000" : 806912,
            "70.000000" : 856064,
            "80.000000" : 888832,
            "90.000000" : 937984,
            "95.000000" : 987136,
            "99.000000" : 1056768,
            "99.500000" : 1089536,
            "99.900000" : 7307264,
            "99.950000" : 7438336,
            "99.990000" : 27394048
          }
        },
        "lat_ns" : {
          "min" : 432709,
          "max" : 27346144,
          "mean" : 774230.313845,
          "stddev" : 445455.906264,
          "N" : 7714
        },
        "bw_min" : 89600,
        "bw_max" : 109349,
        "bw_agg" : 99.887241,
        "bw_mean" : 98618.315789,
        "bw_dev" : 5988.350423,
        "bw_samples" : 19,
        "iops_min" : 700,
        "iops_max" : 854,
        "iops_mean" : 770.368421,
        "iops_stddev" : 46.751364,
        "iops_samples" : 19
      },
      "write" : {
        "io_bytes" : 1017249792,
        "io_kbytes" : 993408,
        "bw_bytes" : 101714807,
        "bw" : 99330,
        "iops" : 776.022398,
        "runtime" : 10001,
        "total_ios" : 7761,
        "short_ios" : 0,
        "drop_ios" : 0,
        "slat_ns" : {
          "min" : 0,
          "max" : 0,
          "mean" : 0.000000,
          "stddev" : 0.000000,
          "N" : 0
        },
        "clat_ns" : {
          "min" : 274320,
          "max" : 27858878,
          "mean" : 485105.273290,
          "stddev" : 434919.244210,
          "N" : 7761,
          "percentile" : {
            "1.000000" : 276480,
            "5.000000" : 284672,
            "10.000000" : 288768,
            "20.000000" : 301056,
            "30.000000" : 325632,
            "40.000000" : 436224,
            "50.000000" : 544768,
            "60.000000" : 561152,
            "70.000000" : 577536,
            "80.000000" : 593920,
            "90.000000" : 610304,
            "95.000000" : 634880,
            "99.000000" : 667648,
            "99.500000" : 684032,
            "99.900000" : 6848512,
            "99.950000" : 7045120,
            "99.990000" : 27918336
          }
        },
        "lat_ns" : {
          "min" : 280184,
          "max" : 27867776,
          "mean" : 496209.571962,
          "stddev" : 435310.162152,
          "N" : 7761
        },
        "bw_min" : 82432,
        "bw_max" : 109568,
        "bw_agg" : 99.809862,
        "bw_mean" : 99142.684211,
        "bw_dev" : 8173.648703,
        "bw_samples" : 19,
        "iops_min" : 644,
        "iops_max" : 856,
        "iops_mean" : 774.473684,
        "iops_stddev" : 63.857801,
        "iops_samples" : 19
      },
      "trim" : {
        "io_bytes" : 0,
        "io_kbytes" : 0,
        "bw_bytes" : 0,
        "bw" : 0,
        "iops" : 0.000000,
        "runtime" : 0,
        "total_ios" : 0,
        "short_ios" : 0,
        "drop_ios" : 0,
        "slat_ns" : {
          "min" : 0,
          "max" : 0,
          "mean" : 0.000000,
          "stddev" : 0.000000,
          "N" : 0
        },
        "clat_ns" : {
          "min" : 0,
          "max" : 0,
          "mean" : 0.000000,
          "stddev" : 0.000000,
          "N" : 0
        },
        "lat_ns" : {
          "min" : 0,
          "max" : 0,
          "mean" : 0.000000,
          "stddev" : 0.000000,
          "N" : 0
        },
        "bw_min" : 0,
        "bw_max" : 0,
        "bw_agg" : 0.000000,
        "bw_mean" : 0.000000,
        "bw_dev" : 0.000000,
        "bw_samples" : 0,
        "iops_min" : 0,
        "iops_max" : 0,
        "iops_mean" : 0.000000,
        "iops_stddev" : 0.000000,
        "iops_samples" : 0
      },
      "sync" : {
        "total_ios" : 0,
        "lat_ns" : {
          "min" : 0,
          "max" : 0,
          "mean" : 0.000000,
          "stddev" : 0.000000,
          "N" : 0
        }
      },
      "job_runtime" : 10000,
      "usr_cpu" : 4.720000,
      "sys_cpu" : 15.050000,
      "ctx" : 15482,
      "majf" : 0,
      "minf" : 11,
      "iodepth_level" : {
        "1" : 100.000000,
        "2" : 0.000000,
        "4" : 0.000000,
        "8" : 0.000000,
        "16" : 0.000000,
        "32" : 0.000000,
        ">=64" : 0.000000
      },
      "iodepth_submit" : {
        "0" : 0.000000,
        "4" : 100.000000,
        "8" : 0.000000,
        "16" : 0.000000,
        "32" : 0.000000,
        "64" : 0.000000,
        ">=64" : 0.000000
      },
      "iodepth_complete" : {
        "0" : 0.000000,
        "4" : 100.000000,
        "8" : 0.000000,
        "16" : 0.000000,
        "32" : 0.000000,
        "64" : 0.000000,
        ">=64" : 0.000000
      },
      "latency_ns" : {
        "2" : 0.000000,
        "4" : 0.000000,
        "10" : 0.000000,
        "20" : 0.000000,
        "50" : 0.000000,
        "100" : 0.000000,
        "250" : 0.000000,
        "500" : 0.000000,
        "750" : 0.000000,
        "1000" : 0.000000
      },
      "latency_us" : {
        "2" : 0.000000,
        "4" : 0.000000,
        "10" : 0.000000,
        "20" : 0.000000,
        "50" : 0.000000,
        "100" : 0.000000,
        "250" : 0.000000,
        "500" : 25.466882,
        "750" : 45.880452,
        "1000" : 26.546042
      },
      "latency_ms" : {
        "2" : 1.893376,
        "4" : 0.012924,
        "10" : 0.187399,
        "20" : 0.000000,
        "50" : 0.012924,
        "100" : 0.000000,
        "250" : 0.000000,
        "500" : 0.000000,
        "750" : 0.000000,
        "1000" : 0.000000,
        "2000" : 0.000000,
        ">=2000" : 0.000000
      },
      "latency_depth" : 1,
      "latency_target" : 0,
      "latency_percentile" : 100.000000,
      "latency_window" : 0
    }
  ],
  "disk_util" : [
    {
      "name" : "sda",
      "read_ios" : 7625,
      "write_ios" : 7674,
      "read_sectors" : 1952000,
      "write_sectors" : 1963384,
      "read_merges" : 0,
      "write_merges" : 10,
      "read_ticks" : 5214,
      "write_ticks" : 3055,
      "in_queue" : 8271,
      "util" : 82.833651
    }
  ]
}
