{
  "fio version" : "fio-3.36",
  "timestamp" : 1765185062,
  "timestamp_ms" : 1765185062098,
  "time" : "Mon Dec  8 09:11:02 2025",
  "jobs" : [
    {
      "jobname" : "test",
      "groupid" : 0,
      "job_start" : 1765185052083,
      "error" : 0,
      "eta" : 0,
      "elapsed" : 11,
      "job options" : {
        "name" : "test",
        "filename" : "./testfile",
        "rw" : "randrw",
        "filesize" : "500M",
        "bs" : "128k",
        "numjobs" : "1",
        "iodepth" : "1",
        "direct" : "1",
        "runtime" : "10"
      },
      "read" : {
        "io_bytes" : 847249408,
        "io_kbytes" : 827392,
        "bw_bytes" : 84716469,
        "bw" : 82730,
        "iops" : 646.335366,
        "runtime" : 10001,
        "total_ios" : 6464,
        "short_ios" : 0,
        "drop_ios" : 0,
        "slat_ns" : {
          "min" : 0,
          "max" : 0,
          "mean" : 0.000000,
          "stddev" : 0.000000,
          "N" : 0
        },
        "clat_ns" : {
          "min" : 437435,
          "max" : 131938668,
          "mean" : 906701.326269,
          "stddev" : 4689696.820510,
          "N" : 6464,
          "percentile" : {
            "1.000000" : 448512,
            "5.000000" : 489472,
            "10.000000" : 514048,
            "20.000000" : 569344,
            "30.000000" : 602112,
            "40.000000" : 634880,
            "50.000000" : 684032,
            "60.000000" : 716800,
            "70.000000" : 757760,
            "80.000000" : 806912,
            "90.000000" : 897024,
            "95.000000" : 954368,
            "99.000000" : 1089536,
            "99.500000" : 1515520,
            "99.900000" : 115867648,
            "99.950000" : 121110528,
            "99.990000" : 131596288
          }
        },
        "lat_ns" : {
          "min" : 437571,
          "max" : 131939933,
          "mean" : 906966.327816,
          "stddev" : 4689714.119155,
          "N" : 6464
        },
        "bw_min" : 2554,
        "bw_max" : 123648,
        "bw_agg" : 97.780846,
        "bw_mean" : 80895.684211,
        "bw_dev" : 34930.235819,
        "bw_samples" : 19,
        "iops_min" : 19,
        "iops_max" : 966,
        "iops_mean" : 631.947368,
        "iops_stddev" : 273.011289,
        "iops_samples" : 19
      },
      "write" : {
        "io_bytes" : 850395136,
        "io_kbytes" : 830464,
        "bw_bytes" : 85031010,
        "bw" : 83038,
        "iops" : 648.735126,
        "runtime" : 10001,
        "total_ios" : 6488,
        "short_ios" : 0,
        "drop_ios" : 0,
        "slat_ns" : {
          "min" : 0,
          "max" : 0,
          "mean" : 0.000000,
          "stddev" : 0.000000,
          "N" : 0
        },
        "clat_ns" : {
          "min" : 277694,
          "max" : 300211777,
          "mean" : 619226.213317,
          "stddev" : 6289725.910102,
          "N" : 6488,
          "percentile" : {
            "1.000000" : 280576,
            "5.000000" : 288768,
            "10.000000" : 292864,
            "20.000000" : 301056,
            "30.000000" : 309248,
            "40.000000" : 313344,
            "50.000000" : 317440,
            "60.000000" : 321536,
            "70.000000" : 342016,
            "80.000000" : 378880,
            "90.000000" : 552960,
            "95.000000" : 593920,
            "99.000000" : 643072,
            "99.500000" : 716800,
            "99.900000" : 121110528,
            "99.950000" : 128450560,
            "99.990000" : 299892736
          }
        },
        "lat_ns" : {
          "min" : 285719,
          "max" : 300227376,
          "mean" : 628965.336621,
          "stddev" : 6289771.096663,
          "N" : 6488
        },
        "bw_min" : 1788,
        "bw_max" : 125952,
        "bw_agg" : 98.571625,
        "bw_mean" : 81852.421053,
        "bw_dev" : 37792.429974,
        "bw_samples" : 19,
        "iops_min" : 13,
        "iops_max" : 984,
        "iops_mean" : 639.421053,
        "iops_stddev" : 295.367439,
        "iops_samples" : 19
      },
      "trim" : {
        "io_bytes" : 0,
        "io_kbytes" : 0,
        "bw_bytes" : 0,
        "bw" : 0,
        "iops" : 0.000000,
        "runtime" : 0,
        "total_ios" : 0,
        "short_ios" : 0,
        "drop_ios" : 0,
        "slat_ns" : {
          "min" : 0,
          "max" : 0,
          "mean" : 0.000000,
          "stddev" : 0.000000,
          "N" : 0
        },
        "clat_ns" : {
          "min" : 0,
          "max" : 0,
          "mean" : 0.000000,
          "stddev" : 0.000000,
          "N" : 0
        },
        "lat_ns" : {
          "min" : 0,
          "max" : 0,
          "mean" : 0.000000,
          "stddev" : 0.000000,
          "N" : 0
        },
        "bw_min" : 0,
        "bw_max" : 0,
        "bw_agg" : 0.000000,
        "bw_mean" : 0.000000,
        "bw_dev" : 0.000000,
        "bw_samples" : 0,
        "iops_min" : 0,
        "iops_max" : 0,
        "iops_mean" : 0.000000,
        "iops_stddev" : 0.000000,
        "iops_samples" : 0
      },
      "sync" : {
        "total_ios" : 0,
        "lat_ns" : {
          "min" : 0,
          "max" : 0,
          "mean" : 0.000000,
          "stddev" : 0.000000,
          "N" : 0
        }
      },
      "job_runtime" : 10000,
      "usr_cpu" : 1.750000,
      "sys_cpu" : 6.450000,
      "ctx" : 12957,
      "majf" : 0,
      "minf" : 14,
      "iodepth_level" : {
        "1" : 100.000000,
        "2" : 0.000000,
        "4" : 0.000000,
        "8" : 0.000000,
        "16" : 0.000000,
        "32" : 0.000000,
        ">=64" : 0.000000
      },
      "iodepth_submit" : {
        "0" : 0.000000,
        "4" : 100.000000,
        "8" : 0.000000,
        "16" : 0.000000,
        "32" : 0.000000,
        "64" : 0.000000,
        ">=64" : 0.000000
      },
      "iodepth_complete" : {
        "0" : 0.000000,
        "4" : 100.000000,
        "8" : 0.000000,
        "16" : 0.000000,
        "32" : 0.000000,
        "64" : 0.000000,
        ">=64" : 0.000000
      },
      "latency_ns" : {
        "2" : 0.000000,
        "4" : 0.000000,
        "10" : 0.000000,
        "20" : 0.000000,
        "50" : 0.000000,
        "100" : 0.000000,
        "250" : 0.000000,
        "500" : 0.000000,
        "750" : 0.000000,
        "1000" : 0.000000
      },
      "latency_us" : {
        "2" : 0.000000,
        "4" : 0.000000,
        "10" : 0.000000,
        "20" : 0.000000,
        "50" : 0.000000,
        "100" : 0.000000,
        "250" : 0.000000,
        "500" : 46.402100,
        "750" : 37.577208,
        "1000" : 14.430204
      },
      "latency_ms" : {
        "2" : 1.150401,
        "4" : 0.030883,
        "10" : 0.185300,
        "20" : 0.030883,
        "50" : 0.030883,
        "100" : 0.015442,
        "250" : 0.138975,
        "500" : 0.010000,
        "750" : 0.000000,
        "1000" : 0.000000,
        "2000" : 0.000000,
        ">=2000" : 0.000000
      },
      "latency_depth" : 1,
      "latency_target" : 0,
      "latency_percentile" : 100.000000,
      "latency_window" : 0
    }
  ],
  "disk_util" : [
    {
      "name" : "sda",
      "read_ios" : 6359,
      "write_ios" : 6444,
      "read_sectors" : 1627904,
      "write_sectors" : 1638000,
      "read_merges" : 0,
      "write_merges" : 26,
      "read_ticks" : 5540,
      "write_ticks" : 4296,
      "in_queue" : 10177,
      "util" : 91.485525
    }
  ]
}
