{
  "fio version" : "fio-3.36",
  "timestamp" : 1765185041,
  "timestamp_ms" : 1765185041492,
  "time" : "Mon Dec  8 09:10:41 2025",
  "jobs" : [
    {
      "jobname" : "test",
      "groupid" : 0,
      "job_start" : 1765185031070,
      "error" : 0,
      "eta" : 0,
      "elapsed" : 11,
      "job options" : {
        "name" : "test",
        "filename" : "./testfile",
        "rw" : "randrw",
        "filesize" : "500M",
        "bs" : "128k",
        "numjobs" : "1",
        "iodepth" : "1",
        "direct" : "1",
        "runtime" : "10"
      },
      "read" : {
        "io_bytes" : 1206255616,
        "io_kbytes" : 1177984,
        "bw_bytes" : 115896965,
        "bw" : 113180,
        "iops" : 884.223674,
        "runtime" : 10408,
        "total_ios" : 9203,
        "short_ios" : 0,
        "drop_ios" : 0,
        "slat_ns" : {
          "min" : 0,
          "max" : 0,
          "mean" : 0.000000,
          "stddev" : 0.000000,
          "N" : 0
        },
        "clat_ns" : {
          "min" : 437074,
          "max" : 485066112,
          "mean" : 744505.632402,
          "stddev" : 5066023.346832,
          "N" : 9203,
          "percentile" : {
            "1.000000" : 444416,
            "5.000000" : 468992,
            "10.000000" : 493568,
            "20.000000" : 544768,
            "30.000000" : 577536,
            "40.000000" : 618496,
            "50.000000" : 667648,
            "60.000000" : 708608,
            "70.000000" : 749568,
            "80.000000" : 790528,
            "90.000000" : 880640,
            "95.000000" : 937984,
            "99.000000" : 1044480,
            "99.500000" : 1105920,
            "99.900000" : 7503872,
            "99.950000" : 7569408,
            "99.990000" : 484442112
          }
        },
        "lat_ns" : {
          "min" : 437219,
          "max" : 485066344,
          "mean" : 744799.220798,
          "stddev" : 5066025.459790,
          "N" : 9203
        },
        "bw_min" : 104448,
        "bw_max" : 128000,
        "bw_agg" : 100.000000,
        "bw_mean" : 117785.600000,
        "bw_dev" : 6101.127613,
        "bw_samples" : 20,
        "iops_min" : 816,
        "iops_max" : 1000,
        "iops_mean" : 920.200000,
        "iops_stddev" : 47.665059,
        "iops_samples" : 20
      },
      "write" : {
        "io_bytes" : 1205993472,
        "io_kbytes" : 1177728,
        "bw_bytes" : 115871778,
        "bw" : 113156,
        "iops" : 884.031514,
        "runtime" : 10408,
        "total_ios" : 9201,
        "short_ios" : 0,
        "drop_ios" : 0,
        "slat_ns" : {
          "min" : 0,
          "max" : 0,
          "mean" : 0.000000,
          "stddev" : 0.000000,
          "N" : 0
        },
        "clat_ns" : {
          "min" : 277496,
          "max" : 27572857,
          "mean" : 367239.424193,
          "stddev" : 407405.634646,
          "N" : 9201,
          "percentile" : {
            "1.000000" : 280576,
            "5.000000" : 288768,
            "10.000000" : 288768,
            "20.000000" : 292864,
            "30.000000" : 305152,
            "40.000000" : 309248,
            "50.000000" : 313344,
            "60.000000" : 317440,
            "70.000000" : 333824,
            "80.000000" : 370688,
            "90.000000" : 552960,
            "95.000000" : 585728,
            "99.000000" : 626688,
            "99.500000" : 643072,
            "99.900000" : 6914048,
            "99.950000" : 7110656,
            "99.990000" : 27656192
          }
        },
        "lat_ns" : {
          "min" : 283597,
          "max" : 27581907,
          "mean" : 376955.688077,
          "stddev" : 407684.365112,
          "N" : 9201
        },
        "bw_min" : 104960,
        "bw_max" : 131328,
        "bw_agg" : 100.000000,
        "bw_mean" : 117772.800000,
        "bw_dev" : 6011.468842,
        "bw_samples" : 20,
        "iops_min" : 820,
        "iops_max" : 1026,
        "iops_mean" : 920.100000,
        "iops_stddev" : 46.964600,
        "iops_samples" : 20
      },
      "trim" : {
        "io_bytes" : 0,
        "io_kbytes" : 0,
        "bw_bytes" : 0,
        "bw" : 0,
        "iops" : 0.000000,
        "runtime" : 0,
        "total_ios" : 0,
        "short_ios" : 0,
        "drop_ios" : 0,
        "slat_ns" : {
          "min" : 0,
          "max" : 0,
          "mean" : 0.000000,
          "stddev" : 0.000000,
          "N" : 0
        },
        "clat_ns" : {
          "min" : 0,
          "max" : 0,
          "mean" : 0.000000,
          "stddev" : 0.000000,
          "N" : 0
        },
        "lat_ns" : {
          "min" : 0,
          "max" : 0,
          "mean" : 0.000000,
          "stddev" : 0.000000,
          "N" : 0
        },
        "bw_min" : 0,
        "bw_max" : 0,
        "bw_agg" : 0.000000,
        "bw_mean" : 0.000000,
        "bw_dev" : 0.000000,
        "bw_samples" : 0,
        "iops_min" : 0,
        "iops_max" : 0,
        "iops_mean" : 0.000000,
        "iops_stddev" : 0.000000,
        "iops_samples" : 0
      },
      "sync" : {
        "total_ios" : 0,
        "lat_ns" : {
          "min" : 0,
          "max" : 0,
          "mean" : 0.000000,
          "stddev" : 0.000000,
          "N" : 0
        }
      },
      "job_runtime" : 10407,
      "usr_cpu" : 2.671279,
      "sys_cpu" : 8.648025,
      "ctx" : 18413,
      "majf" : 0,
      "minf" : 14,
      "iodepth_level" : {
        "1" : 100.000000,
        "2" : 0.000000,
        "4" : 0.000000,
        "8" : 0.000000,
        "16" : 0.000000,
        "32" : 0.000000,
        ">=64" : 0.000000
      },
      "iodepth_submit" : {
        "0" : 0.000000,
        "4" : 100.000000,
        "8" : 0.000000,
        "16" : 0.000000,
        "32" : 0.000000,
        "64" : 0.000000,
        ">=64" : 0.000000
      },
      "iodepth_complete" : {
        "0" : 0.000000,
        "4" : 100.000000,
        "8" : 0.000000,
        "16" : 0.000000,
        "32" : 0.000000,
        "64" : 0.000000,
        ">=64" : 0.000000
      },
      "latency_ns" : {
        "2" : 0.000000,
        "4" : 0.000000,
        "10" : 0.000000,
        "20" : 0.000000,
        "50" : 0.000000,
        "100" : 0.000000,
        "250" : 0.000000,
        "500" : 0.000000,
        "750" : 0.000000,
        "1000" : 0.000000
      },
      "latency_us" : {
        "2" : 0.000000,
        "4" : 0.000000,
        "10" : 0.000000,
        "20" : 0.000000,
        "50" : 0.000000,
        "100" : 0.000000,
        "250" : 0.000000,
        "500" : 48.755705,
        "750" : 36.513801,
        "1000" : 13.475331
      },
      "latency_ms" : {
        "2" : 1.043251,
        "4" : 0.016301,
        "10" : 0.179309,
        "20" : 0.000000,
        "50" : 0.010867,
        "100" : 0.000000,
        "250" : 0.000000,
        "500" : 0.010000,
        "750" : 0.000000,
        "1000" : 0.000000,
        "2000" : 0.000000,
        ">=2000" : 0.000000
      },
      "latency_depth" : 1,
      "latency_target" : 0,
      "latency_percentile" : 100.000000,
      "latency_window" : 0
    }
  ],
  "disk_util" : [
    {
      "name" : "sda",
      "read_ios" : 9202,
      "write_ios" : 9218,
      "read_sectors" : 2355712,
      "write_sectors" : 2355744,
      "read_merges" : 0,
      "write_merges" : 18,
      "read_ticks" : 6020,
      "write_ticks" : 3088,
      "in_queue" : 9114,
      "util" : 91.234262
    }
  ]
}
