{
  "fio version" : "fio-3.36",
  "timestamp" : 1765185142,
  "timestamp_ms" : 1765185142808,
  "time" : "Mon Dec  8 09:12:22 2025",
  "jobs" : [
    {
      "jobname" : "test",
      "groupid" : 0,
      "job_start" : 1765185132754,
      "error" : 0,
      "eta" : 0,
      "elapsed" : 11,
      "job options" : {
        "name" : "test",
        "filename" : "./testfile",
        "rw" : "randrw",
        "filesize" : "1G",
        "bs" : "128k",
        "numjobs" : "1",
        "iodepth" : "1",
        "direct" : "1",
        "runtime" : "10"
      },
      "read" : {
        "io_bytes" : 675151872,
        "io_kbytes" : 659328,
        "bw_bytes" : 67239505,
        "bw" : 65663,
        "iops" : 512.996713,
        "runtime" : 10041,
        "total_ios" : 5151,
        "short_ios" : 0,
        "drop_ios" : 0,
        "slat_ns" : {
          "min" : 0,
          "max" : 0,
          "mean" : 0.000000,
          "stddev" : 0.000000,
          "N" : 0
        },
        "clat_ns" : {
          "min" : 442434,
          "max" : 903681758,
          "mean" : 1300134.725296,
          "stddev" : 13634117.766678,
          "N" : 5151,
          "percentile" : {
            "1.000000" : 464896,
            "5.000000" : 505856,
            "10.000000" : 536576,
            "20.000000" : 585728,
            "30.000000" : 626688,
            "40.000000" : 684032,
            "50.000000" : 724992,
            "60.000000" : 774144,
            "70.000000" : 823296,
            "80.000000" : 905216,
            "90.000000" : 1044480,
            "95.000000" : 1466368,
            "99.000000" : 10944512,
            "99.500000" : 14745600,
            "99.900000" : 19267584,
            "99.950000" : 145752064,
            "99.990000" : 901775360
          }
        },
        "lat_ns" : {
          "min" : 442564,
          "max" : 903681927,
          "mean" : 1300484.107746,
          "stddev" : 13634137.906548,
          "N" : 5151
        },
        "bw_min" : 510,
        "bw_max" : 125696,
        "bw_agg" : 100.000000,
        "bw_mean" : 65916.450000,
        "bw_dev" : 51009.897552,
        "bw_samples" : 20,
        "iops_min" : 3,
        "iops_max" : 982,
        "iops_mean" : 514.750000,
        "iops_stddev" : 398.788016,
        "iops_samples" : 20
      },
      "write" : {
        "io_bytes" : 681836544,
        "io_kbytes" : 665856,
        "bw_bytes" : 67905242,
        "bw" : 66313,
        "iops" : 518.075889,
        "runtime" : 10041,
        "total_ios" : 5202,
        "short_ios" : 0,
        "drop_ios" : 0,
        "slat_ns" : {
          "min" : 0,
          "max" : 0,
          "mean" : 0.000000,
          "stddev" : 0.000000,
          "N" : 0
        },
        "clat_ns" : {
          "min" : 279935,
          "max" : 331688617,
          "mean" : 620220.003652,
          "stddev" : 4846811.279859,
          "N" : 5202,
          "percentile" : {
            "1.000000" : 284672,
            "5.000000" : 288768,
            "10.000000" : 292864,
            "20.000000" : 305152,
            "30.000000" : 313344,
            "40.000000" : 317440,
            "50.000000" : 325632,
            "60.000000" : 346112,
            "70.000000" : 374784,
            "80.000000" : 509952,
            "90.000000" : 593920,
            "95.000000" : 643072,
            "99.000000" : 10158080,
            "99.500000" : 17956864,
            "99.900000" : 18743296,
            "99.950000" : 19005440,
            "99.990000" : 333447168
          }
        },
        "lat_ns" : {
          "min" : 285764,
          "max" : 331704142,
          "mean" : 630423.060361,
          "stddev" : 4847063.712604,
          "N" : 5202
        },
        "bw_min" : 510,
        "bw_max" : 120064,
        "bw_agg" : 100.000000,
        "bw_mean" : 66582.400000,
        "bw_dev" : 51446.533222,
        "bw_samples" : 20,
        "iops_min" : 3,
        "iops_max" : 938,
        "iops_mean" : 519.950000,
        "iops_stddev" : 402.206346,
        "iops_samples" : 20
      },
      "trim" : {
        "io_bytes" : 0,
        "io_kbytes" : 0,
        "bw_bytes" : 0,
        "bw" : 0,
        "iops" : 0.000000,
        "runtime" : 0,
        "total_ios" : 0,
        "short_ios" : 0,
        "drop_ios" : 0,
        "slat_ns" : {
          "min" : 0,
          "max" : 0,
          "mean" : 0.000000,
          "stddev" : 0.000000,
          "N" : 0
        },
        "clat_ns" : {
          "min" : 0,
          "max" : 0,
          "mean" : 0.000000,
          "stddev" : 0.000000,
          "N" : 0
        },
        "lat_ns" : {
          "min" : 0,
          "max" : 0,
          "mean" : 0.000000,
          "stddev" : 0.000000,
          "N" : 0
        },
        "bw_min" : 0,
        "bw_max" : 0,
        "bw_agg" : 0.000000,
        "bw_mean" : 0.000000,
        "bw_dev" : 0.000000,
        "bw_samples" : 0,
        "iops_min" : 0,
        "iops_max" : 0,
        "iops_mean" : 0.000000,
        "iops_stddev" : 0.000000,
        "iops_samples" : 0
      },
      "sync" : {
        "total_ios" : 0,
        "lat_ns" : {
          "min" : 0,
          "max" : 0,
          "mean" : 0.000000,
          "stddev" : 0.000000,
          "N" : 0
        }
      },
      "job_runtime" : 10040,
      "usr_cpu" : 1.772908,
      "sys_cpu" : 6.414343,
      "ctx" : 10356,
      "majf" : 0,
      "minf" : 13,
      "iodepth_level" : {
        "1" : 100.000000,
        "2" : 0.000000,
        "4" : 0.000000,
        "8" : 0.000000,
        "16" : 0.000000,
        "32" : 0.000000,
        ">=64" : 0.000000
      },
      "iodepth_submit" : {
        "0" : 0.000000,
        "4" : 100.000000,
        "8" : 0.000000,
        "16" : 0.000000,
        "32" : 0.000000,
        "64" : 0.000000,
        ">=64" : 0.000000
      },
      "iodepth_complete" : {
        "0" : 0.000000,
        "4" : 100.000000,
        "8" : 0.000000,
        "16" : 0.000000,
        "32" : 0.000000,
        "64" : 0.000000,
        ">=64" : 0.000000
      },
      "latency_ns" : {
        "2" : 0.000000,
        "4" : 0.000000,
        "10" : 0.000000,
        "20" : 0.000000,
        "50" : 0.000000,
        "100" : 0.000000,
        "250" : 0.000000,
        "500" : 0.000000,
        "750" : 0.000000,
        "1000" : 0.000000
      },
      "latency_us" : {
        "2" : 0.000000,
        "4" : 0.000000,
        "10" : 0.000000,
        "20" : 0.000000,
        "50" : 0.000000,
        "100" : 0.000000,
        "250" : 0.000000,
        "500" : 42.181010,
        "750" : 34.164010,
        "1000" : 16.372066
      },
      "latency_ms" : {
        "2" : 4.974404,
        "4" : 0.309089,
        "10" : 0.907949,
        "20" : 1.033517,
        "50" : 0.019318,
        "100" : 0.000000,
        "250" : 0.010000,
        "500" : 0.019318,
        "750" : 0.000000,
        "1000" : 0.010000,
        "2000" : 0.000000,
        ">=2000" : 0.000000
      },
      "latency_depth" : 1,
      "latency_target" : 0,
      "latency_percentile" : 100.000000,
      "latency_window" : 0
    }
  ],
  "disk_util" : [
    {
      "name" : "sda",
      "read_ios" : 5150,
      "write_ios" : 5281,
      "read_sectors" : 1318400,
      "write_sectors" : 1332552,
      "read_merges" : 0,
      "write_merges" : 18,
      "read_ticks" : 6292,
      "write_ticks" : 3054,
      "in_queue" : 9362,
      "util" : 93.006012
    }
  ]
}
