{
  "fio version" : "fio-3.36",
  "timestamp" : 1765184946,
  "timestamp_ms" : 1765184946791,
  "time" : "Mon Dec  8 09:09:06 2025",
  "jobs" : [
    {
      "jobname" : "test",
      "groupid" : 0,
      "job_start" : 1765184936771,
      "error" : 0,
      "eta" : 0,
      "elapsed" : 11,
      "job options" : {
        "name" : "test",
        "filename" : "./testfile",
        "rw" : "randrw",
        "filesize" : "100M",
        "bs" : "128k",
        "numjobs" : "1",
        "iodepth" : "1",
        "direct" : "1",
        "runtime" : "10"
      },
      "read" : {
        "io_bytes" : 1069154304,
        "io_kbytes" : 1044096,
        "bw_bytes" : 106904739,
        "bw" : 104399,
        "iops" : 815.618438,
        "runtime" : 10001,
        "total_ios" : 8157,
        "short_ios" : 0,
        "drop_ios" : 0,
        "slat_ns" : {
          "min" : 0,
          "max" : 0,
          "mean" : 0.000000,
          "stddev" : 0.000000,
          "N" : 0
        },
        "clat_ns" : {
          "min" : 479909,
          "max" : 21156549,
          "mean" : 795663.547996,
          "stddev" : 507844.126239,
          "N" : 8157,
          "percentile" : {
            "1.000000" : 485376,
            "5.000000" : 501760,
            "10.000000" : 528384,
            "20.000000" : 593920,
            "30.000000" : 643072,
            "40.000000" : 708608,
            "50.000000" : 757760,
            "60.000000" : 798720,
            "70.000000" : 839680,
            "80.000000" : 913408,
            "90.000000" : 1036288,
            "95.000000" : 1187840,
            "99.000000" : 1777664,
            "99.500000" : 2072576,
            "99.900000" : 2605056,
            "99.950000" : 17432576,
            "99.990000" : 21102592
          }
        },
        "lat_ns" : {
          "min" : 480036,
          "max" : 21157118,
          "mean" : 795995.221895,
          "stddev" : 507887.128632,
          "N" : 8157
        },
        "bw_min" : 62976,
        "bw_max" : 119040,
        "bw_agg" : 99.542947,
        "bw_mean" : 103922.526316,
        "bw_dev" : 16228.478245,
        "bw_samples" : 19,
        "iops_min" : 492,
        "iops_max" : 930,
        "iops_mean" : 811.894737,
        "iops_stddev" : 126.784986,
        "iops_samples" : 19
      },
      "write" : {
        "io_bytes" : 1077542912,
        "io_kbytes" : 1052288,
        "bw_bytes" : 107743516,
        "bw" : 105218,
        "iops" : 822.017798,
        "runtime" : 10001,
        "total_ios" : 8221,
        "short_ios" : 0,
        "drop_ios" : 0,
        "slat_ns" : {
          "min" : 0,
          "max" : 0,
          "mean" : 0.000000,
          "stddev" : 0.000000,
          "N" : 0
        },
        "clat_ns" : {
          "min" : 278828,
          "max" : 19771312,
          "mean" : 405114.488748,
          "stddev" : 498733.567455,
          "N" : 8221,
          "percentile" : {
            "1.000000" : 284672,
            "5.000000" : 288768,
            "10.000000" : 292864,
            "20.000000" : 296960,
            "30.000000" : 309248,
            "40.000000" : 317440,
            "50.000000" : 329728,
            "60.000000" : 350208,
            "70.000000" : 378880,
            "80.000000" : 509952,
            "90.000000" : 585728,
            "95.000000" : 618496,
            "99.000000" : 1028096,
            "99.500000" : 1302528,
            "99.900000" : 2007040,
            "99.950000" : 16908288,
            "99.990000" : 19791872
          }
        },
        "lat_ns" : {
          "min" : 285489,
          "max" : 19783718,
          "mean" : 415255.178567,
          "stddev" : 498981.328189,
          "N" : 8221
        },
        "bw_min" : 70400,
        "bw_max" : 122624,
        "bw_agg" : 99.292635,
        "bw_mean" : 104474.947368,
        "bw_dev" : 14782.604121,
        "bw_samples" : 19,
        "iops_min" : 550,
        "iops_max" : 958,
        "iops_mean" : 816.210526,
        "iops_stddev" : 115.489095,
        "iops_samples" : 19
      },
      "trim" : {
        "io_bytes" : 0,
        "io_kbytes" : 0,
        "bw_bytes" : 0,
        "bw" : 0,
        "iops" : 0.000000,
        "runtime" : 0,
        "total_ios" : 0,
        "short_ios" : 0,
        "drop_ios" : 0,
        "slat_ns" : {
          "min" : 0,
          "max" : 0,
          "mean" : 0.000000,
          "stddev" : 0.000000,
          "N" : 0
        },
        "clat_ns" : {
          "min" : 0,
          "max" : 0,
          "mean" : 0.000000,
          "stddev" : 0.000000,
          "N" : 0
        },
        "lat_ns" : {
          "min" : 0,
          "max" : 0,
          "mean" : 0.000000,
          "stddev" : 0.000000,
          "N" : 0
        },
        "bw_min" : 0,
        "bw_max" : 0,
        "bw_agg" : 0.000000,
        "bw_mean" : 0.000000,
        "bw_dev" : 0.000000,
        "bw_samples" : 0,
        "iops_min" : 0,
        "iops_max" : 0,
        "iops_mean" : 0.000000,
        "iops_stddev" : 0.000000,
        "iops_samples" : 0
      },
      "sync" : {
        "total_ios" : 0,
        "lat_ns" : {
          "min" : 0,
          "max" : 0,
          "mean" : 0.000000,
          "stddev" : 0.000000,
          "N" : 0
        }
      },
      "job_runtime" : 10000,
      "usr_cpu" : 2.820000,
      "sys_cpu" : 10.040000,
      "ctx" : 16388,
      "majf" : 0,
      "minf" : 15,
      "iodepth_level" : {
        "1" : 100.000000,
        "2" : 0.000000,
        "4" : 0.000000,
        "8" : 0.000000,
        "16" : 0.000000,
        "32" : 0.000000,
        ">=64" : 0.000000
      },
      "iodepth_submit" : {
        "0" : 0.000000,
        "4" : 100.000000,
        "8" : 0.000000,
        "16" : 0.000000,
        "32" : 0.000000,
        "64" : 0.000000,
        ">=64" : 0.000000
      },
      "iodepth_complete" : {
        "0" : 0.000000,
        "4" : 100.000000,
        "8" : 0.000000,
        "16" : 0.000000,
        "32" : 0.000000,
        "64" : 0.000000,
        ">=64" : 0.000000
      },
      "latency_ns" : {
        "2" : 0.000000,
        "4" : 0.000000,
        "10" : 0.000000,
        "20" : 0.000000,
        "50" : 0.000000,
        "100" : 0.000000,
        "250" : 0.000000,
        "500" : 0.000000,
        "750" : 0.000000,
        "1000" : 0.000000
      },
      "latency_us" : {
        "2" : 0.000000,
        "4" : 0.000000,
        "10" : 0.000000,
        "20" : 0.000000,
        "50" : 0.000000,
        "100" : 0.000000,
        "250" : 0.000000,
        "500" : 41.464159,
        "750" : 31.688851,
        "1000" : 20.069606
      },
      "latency_ms" : {
        "2" : 6.429356,
        "4" : 0.280865,
        "10" : 0.000000,
        "20" : 0.061058,
        "50" : 0.010000,
        "100" : 0.000000,
        "250" : 0.000000,
        "500" : 0.000000,
        "750" : 0.000000,
        "1000" : 0.000000,
        "2000" : 0.000000,
        ">=2000" : 0.000000
      },
      "latency_depth" : 1,
      "latency_target" : 0,
      "latency_percentile" : 100.000000,
      "latency_window" : 0
    }
  ],
  "disk_util" : [
    {
      "name" : "sda",
      "read_ios" : 8054,
      "write_ios" : 8127,
      "read_sectors" : 2061824,
      "write_sectors" : 2075960,
      "read_merges" : 0,
      "write_merges" : 19,
      "read_ticks" : 6049,
      "write_ticks" : 2987,
      "in_queue" : 9042,
      "util" : 90.194311
    }
  ]
}
