{
  "fio version" : "fio-3.36",
  "timestamp" : 1765184967,
  "timestamp_ms" : 1765184967390,
  "time" : "Mon Dec  8 09:09:27 2025",
  "jobs" : [
    {
      "jobname" : "test",
      "groupid" : 0,
      "job_start" : 1765184957376,
      "error" : 0,
      "eta" : 0,
      "elapsed" : 11,
      "job options" : {
        "name" : "test",
        "filename" : "./testfile",
        "rw" : "randrw",
        "filesize" : "100M",
        "bs" : "128k",
        "numjobs" : "1",
        "iodepth" : "1",
        "direct" : "1",
        "runtime" : "10"
      },
      "read" : {
        "io_bytes" : 1223294976,
        "io_kbytes" : 1194624,
        "bw_bytes" : 122317265,
        "bw" : 119450,
        "iops" : 933.206679,
        "runtime" : 10001,
        "total_ios" : 9333,
        "short_ios" : 0,
        "drop_ios" : 0,
        "slat_ns" : {
          "min" : 0,
          "max" : 0,
          "mean" : 0.000000,
          "stddev" : 0.000000,
          "N" : 0
        },
        "clat_ns" : {
          "min" : 439032,
          "max" : 16833006,
          "mean" : 683312.725812,
          "stddev" : 361940.596300,
          "N" : 9333,
          "percentile" : {
            "1.000000" : 444416,
            "5.000000" : 464896,
            "10.000000" : 473088,
            "20.000000" : 536576,
            "30.000000" : 569344,
            "40.000000" : 626688,
            "50.000000" : 675840,
            "60.000000" : 708608,
            "70.000000" : 749568,
            "80.000000" : 790528,
            "90.000000" : 880640,
            "95.000000" : 937984,
            "99.000000" : 1036288,
            "99.500000" : 1073152,
            "99.900000" : 2473984,
            "99.950000" : 7634944,
            "99.990000" : 16908288
          }
        },
        "lat_ns" : {
          "min" : 439204,
          "max" : 16833144,
          "mean" : 683593.063752,
          "stddev" : 361981.366207,
          "N" : 9333
        },
        "bw_min" : 114944,
        "bw_max" : 124928,
        "bw_agg" : 100.000000,
        "bw_mean" : 119457.684211,
        "bw_dev" : 3129.780203,
        "bw_samples" : 19,
        "iops_min" : 898,
        "iops_max" : 976,
        "iops_mean" : 933.263158,
        "iops_stddev" : 24.451408,
        "iops_samples" : 19
      },
      "write" : {
        "io_bytes" : 1222770688,
        "io_kbytes" : 1194112,
        "bw_bytes" : 122264842,
        "bw" : 119399,
        "iops" : 932.806719,
        "runtime" : 10001,
        "total_ios" : 9329,
        "short_ios" : 0,
        "drop_ios" : 0,
        "slat_ns" : {
          "min" : 0,
          "max" : 0,
          "mean" : 0.000000,
          "stddev" : 0.000000,
          "N" : 0
        },
        "clat_ns" : {
          "min" : 276822,
          "max" : 21033883,
          "mean" : 368537.131097,
          "stddev" : 513499.593459,
          "N" : 9329,
          "percentile" : {
            "1.000000" : 280576,
            "5.000000" : 284672,
            "10.000000" : 288768,
            "20.000000" : 292864,
            "30.000000" : 296960,
            "40.000000" : 305152,
            "50.000000" : 313344,
            "60.000000" : 317440,
            "70.000000" : 325632,
            "80.000000" : 378880,
            "90.000000" : 561152,
            "95.000000" : 585728,
            "99.000000" : 626688,
            "99.500000" : 643072,
            "99.900000" : 6914048,
            "99.950000" : 16908288,
            "99.990000" : 21102592
          }
        },
        "lat_ns" : {
          "min" : 284635,
          "max" : 21043739,
          "mean" : 378438.587094,
          "stddev" : 513704.493141,
          "N" : 9329
        },
        "bw_min" : 113152,
        "bw_max" : 129536,
        "bw_agg" : 100.000000,
        "bw_mean" : 119605.894737,
        "bw_dev" : 4830.634717,
        "bw_samples" : 19,
        "iops_min" : 884,
        "iops_max" : 1012,
        "iops_mean" : 934.421053,
        "iops_stddev" : 37.739334,
        "iops_samples" : 19
      },
      "trim" : {
        "io_bytes" : 0,
        "io_kbytes" : 0,
        "bw_bytes" : 0,
        "bw" : 0,
        "iops" : 0.000000,
        "runtime" : 0,
        "total_ios" : 0,
        "short_ios" : 0,
        "drop_ios" : 0,
        "slat_ns" : {
          "min" : 0,
          "max" : 0,
          "mean" : 0.000000,
          "stddev" : 0.000000,
          "N" : 0
        },
        "clat_ns" : {
          "min" : 0,
          "max" : 0,
          "mean" : 0.000000,
          "stddev" : 0.000000,
          "N" : 0
        },
        "lat_ns" : {
          "min" : 0,
          "max" : 0,
          "mean" : 0.000000,
          "stddev" : 0.000000,
          "N" : 0
        },
        "bw_min" : 0,
        "bw_max" : 0,
        "bw_agg" : 0.000000,
        "bw_mean" : 0.000000,
        "bw_dev" : 0.000000,
        "bw_samples" : 0,
        "iops_min" : 0,
        "iops_max" : 0,
        "iops_mean" : 0.000000,
        "iops_stddev" : 0.000000,
        "iops_samples" : 0
      },
      "sync" : {
        "total_ios" : 0,
        "lat_ns" : {
          "min" : 0,
          "max" : 0,
          "mean" : 0.000000,
          "stddev" : 0.000000,
          "N" : 0
        }
      },
      "job_runtime" : 10000,
      "usr_cpu" : 2.920000,
      "sys_cpu" : 9.530000,
      "ctx" : 18668,
      "majf" : 0,
      "minf" : 14,
      "iodepth_level" : {
        "1" : 100.000000,
        "2" : 0.000000,
        "4" : 0.000000,
        "8" : 0.000000,
        "16" : 0.000000,
        "32" : 0.000000,
        ">=64" : 0.000000
      },
      "iodepth_submit" : {
        "0" : 0.000000,
        "4" : 100.000000,
        "8" : 0.000000,
        "16" : 0.000000,
        "32" : 0.000000,
        "64" : 0.000000,
        ">=64" : 0.000000
      },
      "iodepth_complete" : {
        "0" : 0.000000,
        "4" : 100.000000,
        "8" : 0.000000,
        "16" : 0.000000,
        "32" : 0.000000,
        "64" : 0.000000,
        ">=64" : 0.000000
      },
      "latency_ns" : {
        "2" : 0.000000,
        "4" : 0.000000,
        "10" : 0.000000,
        "20" : 0.000000,
        "50" : 0.000000,
        "100" : 0.000000,
        "250" : 0.000000,
        "500" : 0.000000,
        "750" : 0.000000,
        "1000" : 0.000000
      },
      "latency_us" : {
        "2" : 0.000000,
        "4" : 0.000000,
        "10" : 0.000000,
        "20" : 0.000000,
        "50" : 0.000000,
        "100" : 0.000000,
        "250" : 0.000000,
        "500" : 49.260529,
        "750" : 36.191191,
        "1000" : 13.385489
      },
      "latency_ms" : {
        "2" : 1.039546,
        "4" : 0.021434,
        "10" : 0.048226,
        "20" : 0.048226,
        "50" : 0.010000,
        "100" : 0.000000,
        "250" : 0.000000,
        "500" : 0.000000,
        "750" : 0.000000,
        "1000" : 0.000000,
        "2000" : 0.000000,
        ">=2000" : 0.000000
      },
      "latency_depth" : 1,
      "latency_target" : 0,
      "latency_percentile" : 100.000000,
      "latency_window" : 0
    }
  ],
  "disk_util" : [
    {
      "name" : "sda",
      "read_ios" : 9227,
      "write_ios" : 9296,
      "read_sectors" : 2362112,
      "write_sectors" : 2362872,
      "read_merges" : 0,
      "write_merges" : 17,
      "read_ticks" : 5932,
      "write_ticks" : 3121,
      "in_queue" : 9059,
      "util" : 90.655048
    }
  ]
}
