{
  "fio version" : "fio-3.36",
  "timestamp" : 1765156982,
  "timestamp_ms" : 1765156982917,
  "time" : "Mon Dec  8 01:23:02 2025",
  "jobs" : [
    {
      "jobname" : "test",
      "groupid" : 0,
      "job_start" : 1765156972903,
      "error" : 0,
      "eta" : 0,
      "elapsed" : 11,
      "job options" : {
        "name" : "test",
        "filename" : "./testfile",
        "rw" : "randrw",
        "filesize" : "100M",
        "bs" : "128k",
        "numjobs" : "1",
        "iodepth" : "1",
        "direct" : "1",
        "runtime" : "10"
      },
      "read" : {
        "io_bytes" : 1270743040,
        "io_kbytes" : 1240960,
        "bw_bytes" : 127061597,
        "bw" : 124083,
        "iops" : 969.403060,
        "runtime" : 10001,
        "total_ios" : 9695,
        "short_ios" : 0,
        "drop_ios" : 0,
        "slat_ns" : {
          "min" : 0,
          "max" : 0,
          "mean" : 0.000000,
          "stddev" : 0.000000,
          "N" : 0
        },
        "clat_ns" : {
          "min" : 180551,
          "max" : 20978970,
          "mean" : 797854.591955,
          "stddev" : 1142013.024560,
          "N" : 9695,
          "percentile" : {
            "1.000000" : 187392,
            "5.000000" : 362496,
            "10.000000" : 378880,
            "20.000000" : 399360,
            "30.000000" : 419840,
            "40.000000" : 440320,
            "50.000000" : 460800,
            "60.000000" : 493568,
            "70.000000" : 544768,
            "80.000000" : 626688,
            "90.000000" : 1044480,
            "95.000000" : 3391488,
            "99.000000" : 5996544,
            "99.500000" : 6651904,
            "99.900000" : 8978432,
            "99.950000" : 11599872,
            "99.990000" : 21102592
          }
        },
        "lat_ns" : {
          "min" : 180585,
          "max" : 20979005,
          "mean" : 797937.887571,
          "stddev" : 1142105.227971,
          "N" : 9695
        },
        "bw_min" : 117504,
        "bw_max" : 134912,
        "bw_agg" : 99.941498,
        "bw_mean" : 124011.947368,
        "bw_dev" : 4657.884623,
        "bw_samples" : 19,
        "iops_min" : 918,
        "iops_max" : 1054,
        "iops_mean" : 968.789474,
        "iops_stddev" : 36.299034,
        "iops_samples" : 19
      },
      "write" : {
        "io_bytes" : 1267990528,
        "io_kbytes" : 1238272,
        "bw_bytes" : 126786374,
        "bw" : 123814,
        "iops" : 967.303270,
        "runtime" : 10001,
        "total_ios" : 9674,
        "short_ios" : 0,
        "drop_ios" : 0,
        "slat_ns" : {
          "min" : 0,
          "max" : 0,
          "mean" : 0.000000,
          "stddev" : 0.000000,
          "N" : 0
        },
        "clat_ns" : {
          "min" : 179128,
          "max" : 11576329,
          "mean" : 229955.023878,
          "stddev" : 164233.570157,
          "N" : 9674,
          "percentile" : {
            "1.000000" : 181248,
            "5.000000" : 183296,
            "10.000000" : 183296,
            "20.000000" : 185344,
            "30.000000" : 187392,
            "40.000000" : 191488,
            "50.000000" : 195584,
            "60.000000" : 205824,
            "70.000000" : 234496,
            "80.000000" : 252928,
            "90.000000" : 276480,
            "95.000000" : 329728,
            "99.000000" : 724992,
            "99.500000" : 815104,
            "99.900000" : 1122304,
            "99.950000" : 1433600,
            "99.990000" : 11599872
          }
        },
        "lat_ns" : {
          "min" : 180686,
          "max" : 11577935,
          "mean" : 232198.976122,
          "stddev" : 164363.943593,
          "N" : 9674
        },
        "bw_min" : 109349,
        "bw_max" : 131584,
        "bw_agg" : 100.000000,
        "bw_mean" : 123960.105263,
        "bw_dev" : 5421.476725,
        "bw_samples" : 19,
        "iops_min" : 854,
        "iops_max" : 1028,
        "iops_mean" : 968.421053,
        "iops_stddev" : 42.398003,
        "iops_samples" : 19
      },
      "trim" : {
        "io_bytes" : 0,
        "io_kbytes" : 0,
        "bw_bytes" : 0,
        "bw" : 0,
        "iops" : 0.000000,
        "runtime" : 0,
        "total_ios" : 0,
        "short_ios" : 0,
        "drop_ios" : 0,
        "slat_ns" : {
          "min" : 0,
          "max" : 0,
          "mean" : 0.000000,
          "stddev" : 0.000000,
          "N" : 0
        },
        "clat_ns" : {
          "min" : 0,
          "max" : 0,
          "mean" : 0.000000,
          "stddev" : 0.000000,
          "N" : 0
        },
        "lat_ns" : {
          "min" : 0,
          "max" : 0,
          "mean" : 0.000000,
          "stddev" : 0.000000,
          "N" : 0
        },
        "bw_min" : 0,
        "bw_max" : 0,
        "bw_agg" : 0.000000,
        "bw_mean" : 0.000000,
        "bw_dev" : 0.000000,
        "bw_samples" : 0,
        "iops_min" : 0,
        "iops_max" : 0,
        "iops_mean" : 0.000000,
        "iops_stddev" : 0.000000,
        "iops_samples" : 0
      },
      "sync" : {
        "total_ios" : 0,
        "lat_ns" : {
          "min" : 0,
          "max" : 0,
          "mean" : 0.000000,
          "stddev" : 0.000000,
          "N" : 0
        }
      },
      "job_runtime" : 10000,
      "usr_cpu" : 0.000000,
      "sys_cpu" : 21.340000,
      "ctx" : 18798,
      "majf" : 0,
      "minf" : 11,
      "iodepth_level" : {
        "1" : 100.000000,
        "2" : 0.000000,
        "4" : 0.000000,
        "8" : 0.000000,
        "16" : 0.000000,
        "32" : 0.000000,
        ">=64" : 0.000000
      },
      "iodepth_submit" : {
        "0" : 0.000000,
        "4" : 100.000000,
        "8" : 0.000000,
        "16" : 0.000000,
        "32" : 0.000000,
        "64" : 0.000000,
        ">=64" : 0.000000
      },
      "iodepth_complete" : {
        "0" : 0.000000,
        "4" : 100.000000,
        "8" : 0.000000,
        "16" : 0.000000,
        "32" : 0.000000,
        "64" : 0.000000,
        ">=64" : 0.000000
      },
      "latency_ns" : {
        "2" : 0.000000,
        "4" : 0.000000,
        "10" : 0.000000,
        "20" : 0.000000,
        "50" : 0.000000,
        "100" : 0.000000,
        "250" : 0.000000,
        "500" : 0.000000,
        "750" : 0.000000,
        "1000" : 0.000000
      },
      "latency_us" : {
        "2" : 0.000000,
        "4" : 0.000000,
        "10" : 0.000000,
        "20" : 0.000000,
        "50" : 0.000000,
        "100" : 0.000000,
        "250" : 39.201817,
        "500" : 40.471888,
        "750" : 13.000155,
        "1000" : 2.096133
      },
      "latency_ms" : {
        "2" : 1.079044,
        "4" : 2.349115,
        "10" : 1.765708,
        "20" : 0.030977,
        "50" : 0.010000,
        "100" : 0.000000,
        "250" : 0.000000,
        "500" : 0.000000,
        "750" : 0.000000,
        "1000" : 0.000000,
        "2000" : 0.000000,
        ">=2000" : 0.000000
      },
      "latency_depth" : 1,
      "latency_target" : 0,
      "latency_percentile" : 100.000000,
      "latency_window" : 0
    }
  ],
  "disk_util" : [
    {
      "name" : "sda",
      "read_ios" : 9586,
      "write_ios" : 9579,
      "read_sectors" : 2454016,
      "write_sectors" : 2449336,
      "read_merges" : 0,
      "write_merges" : 11,
      "read_ticks" : 6865,
      "write_ticks" : 1451,
      "in_queue" : 8328,
      "util" : 70.966450
    }
  ]
}
