{
  "fio version" : "fio-3.36",
  "timestamp" : 1765156972,
  "timestamp_ms" : 1765156972648,
  "time" : "Mon Dec  8 01:22:52 2025",
  "jobs" : [
    {
      "jobname" : "test",
      "groupid" : 0,
      "job_start" : 1765156962633,
      "error" : 0,
      "eta" : 0,
      "elapsed" : 11,
      "job options" : {
        "name" : "test",
        "filename" : "./testfile",
        "rw" : "randrw",
        "filesize" : "100M",
        "bs" : "128k",
        "numjobs" : "1",
        "iodepth" : "1",
        "direct" : "1",
        "runtime" : "10"
      },
      "read" : {
        "io_bytes" : 1229062144,
        "io_kbytes" : 1200256,
        "bw_bytes" : 122893925,
        "bw" : 120013,
        "iops" : 937.606239,
        "runtime" : 10001,
        "total_ios" : 9377,
        "short_ios" : 0,
        "drop_ios" : 0,
        "slat_ns" : {
          "min" : 0,
          "max" : 0,
          "mean" : 0.000000,
          "stddev" : 0.000000,
          "N" : 0
        },
        "clat_ns" : {
          "min" : 181357,
          "max" : 42962878,
          "mean" : 825954.176389,
          "stddev" : 1297812.857434,
          "N" : 9377,
          "percentile" : {
            "1.000000" : 199680,
            "5.000000" : 366592,
            "10.000000" : 382976,
            "20.000000" : 403456,
            "30.000000" : 428032,
            "40.000000" : 444416,
            "50.000000" : 468992,
            "60.000000" : 505856,
            "70.000000" : 561152,
            "80.000000" : 651264,
            "90.000000" : 1204224,
            "95.000000" : 3424256,
            "99.000000" : 6127616,
            "99.500000" : 6782976,
            "99.900000" : 11862016,
            "99.950000" : 18219008,
            "99.990000" : 42729472
          }
        },
        "lat_ns" : {
          "min" : 181429,
          "max" : 42962928,
          "mean" : 826037.300629,
          "stddev" : 1297818.352716,
          "N" : 9377
        },
        "bw_min" : 98048,
        "bw_max" : 132864,
        "bw_agg" : 100.000000,
        "bw_mean" : 120093.631579,
        "bw_dev" : 8919.286744,
        "bw_samples" : 19,
        "iops_min" : 766,
        "iops_max" : 1038,
        "iops_mean" : 938.210526,
        "iops_stddev" : 69.694236,
        "iops_samples" : 19
      },
      "write" : {
        "io_bytes" : 1226702848,
        "io_kbytes" : 1197952,
        "bw_bytes" : 122658018,
        "bw" : 119783,
        "iops" : 935.806419,
        "runtime" : 10001,
        "total_ios" : 9359,
        "short_ios" : 0,
        "drop_ios" : 0,
        "slat_ns" : {
          "min" : 0,
          "max" : 0,
          "mean" : 0.000000,
          "stddev" : 0.000000,
          "N" : 0
        },
        "clat_ns" : {
          "min" : 179368,
          "max" : 6796521,
          "mean" : 236477.938455,
          "stddev" : 141366.148492,
          "N" : 9359,
          "percentile" : {
            "1.000000" : 181248,
            "5.000000" : 183296,
            "10.000000" : 185344,
            "20.000000" : 187392,
            "30.000000" : 189440,
            "40.000000" : 191488,
            "50.000000" : 199680,
            "60.000000" : 214016,
            "70.000000" : 242688,
            "80.000000" : 257024,
            "90.000000" : 292864,
            "95.000000" : 362496,
            "99.000000" : 765952,
            "99.500000" : 937984,
            "99.900000" : 1269760,
            "99.950000" : 3129344,
            "99.990000" : 6782976
          }
        },
        "lat_ns" : {
          "min" : 180731,
          "max" : 6797865,
          "mean" : 238712.155786,
          "stddev" : 141516.248099,
          "N" : 9359
        },
        "bw_min" : 93952,
        "bw_max" : 129024,
        "bw_agg" : 100.000000,
        "bw_mean" : 120174.631579,
        "bw_dev" : 9476.397881,
        "bw_samples" : 19,
        "iops_min" : 734,
        "iops_max" : 1008,
        "iops_mean" : 938.842105,
        "iops_stddev" : 74.048980,
        "iops_samples" : 19
      },
      "trim" : {
        "io_bytes" : 0,
        "io_kbytes" : 0,
        "bw_bytes" : 0,
        "bw" : 0,
        "iops" : 0.000000,
        "runtime" : 0,
        "total_ios" : 0,
        "short_ios" : 0,
        "drop_ios" : 0,
        "slat_ns" : {
          "min" : 0,
          "max" : 0,
          "mean" : 0.000000,
          "stddev" : 0.000000,
          "N" : 0
        },
        "clat_ns" : {
          "min" : 0,
          "max" : 0,
          "mean" : 0.000000,
          "stddev" : 0.000000,
          "N" : 0
        },
        "lat_ns" : {
          "min" : 0,
          "max" : 0,
          "mean" : 0.000000,
          "stddev" : 0.000000,
          "N" : 0
        },
        "bw_min" : 0,
        "bw_max" : 0,
        "bw_agg" : 0.000000,
        "bw_mean" : 0.000000,
        "bw_dev" : 0.000000,
        "bw_samples" : 0,
        "iops_min" : 0,
        "iops_max" : 0,
        "iops_mean" : 0.000000,
        "iops_stddev" : 0.000000,
        "iops_samples" : 0
      },
      "sync" : {
        "total_ios" : 0,
        "lat_ns" : {
          "min" : 0,
          "max" : 0,
          "mean" : 0.000000,
          "stddev" : 0.000000,
          "N" : 0
        }
      },
      "job_runtime" : 10000,
      "usr_cpu" : 0.000000,
      "sys_cpu" : 21.070000,
      "ctx" : 18198,
      "majf" : 0,
      "minf" : 12,
      "iodepth_level" : {
        "1" : 100.000000,
        "2" : 0.000000,
        "4" : 0.000000,
        "8" : 0.000000,
        "16" : 0.000000,
        "32" : 0.000000,
        ">=64" : 0.000000
      },
      "iodepth_submit" : {
        "0" : 0.000000,
        "4" : 100.000000,
        "8" : 0.000000,
        "16" : 0.000000,
        "32" : 0.000000,
        "64" : 0.000000,
        ">=64" : 0.000000
      },
      "iodepth_complete" : {
        "0" : 0.000000,
        "4" : 100.000000,
        "8" : 0.000000,
        "16" : 0.000000,
        "32" : 0.000000,
        "64" : 0.000000,
        ">=64" : 0.000000
      },
      "latency_ns" : {
        "2" : 0.000000,
        "4" : 0.000000,
        "10" : 0.000000,
        "20" : 0.000000,
        "50" : 0.000000,
        "100" : 0.000000,
        "250" : 0.000000,
        "500" : 0.000000,
        "750" : 0.000000,
        "1000" : 0.000000
      },
      "latency_us" : {
        "2" : 0.000000,
        "4" : 0.000000,
        "10" : 0.000000,
        "20" : 0.000000,
        "50" : 0.000000,
        "100" : 0.000000,
        "250" : 37.804227,
        "500" : 40.216695,
        "750" : 13.925064,
        "1000" : 2.289710
      },
      "latency_ms" : {
        "2" : 1.499787,
        "4" : 2.449829,
        "10" : 1.745303,
        "20" : 0.053373,
        "50" : 0.016012,
        "100" : 0.000000,
        "250" : 0.000000,
        "500" : 0.000000,
        "750" : 0.000000,
        "1000" : 0.000000,
        "2000" : 0.000000,
        ">=2000" : 0.000000
      },
      "latency_depth" : 1,
      "latency_target" : 0,
      "latency_percentile" : 100.000000,
      "latency_window" : 0
    }
  ],
  "disk_util" : [
    {
      "name" : "sda",
      "read_ios" : 9268,
      "write_ios" : 9277,
      "read_sectors" : 2372608,
      "write_sectors" : 2374024,
      "read_merges" : 0,
      "write_merges" : 13,
      "read_ticks" : 6869,
      "write_ticks" : 1445,
      "in_queue" : 8330,
      "util" : 71.454327
    }
  ]
}
