{
  "fio version" : "fio-3.36",
  "timestamp" : 1765156993,
  "timestamp_ms" : 1765156993194,
  "time" : "Mon Dec  8 01:23:13 2025",
  "jobs" : [
    {
      "jobname" : "test",
      "groupid" : 0,
      "job_start" : 1765156983179,
      "error" : 0,
      "eta" : 0,
      "elapsed" : 11,
      "job options" : {
        "name" : "test",
        "filename" : "./testfile",
        "rw" : "randrw",
        "filesize" : "100M",
        "bs" : "128k",
        "numjobs" : "1",
        "iodepth" : "1",
        "direct" : "1",
        "runtime" : "10"
      },
      "read" : {
        "io_bytes" : 1271922688,
        "io_kbytes" : 1242112,
        "bw_bytes" : 127179550,
        "bw" : 124198,
        "iops" : 970.302970,
        "runtime" : 10001,
        "total_ios" : 9704,
        "short_ios" : 0,
        "drop_ios" : 0,
        "slat_ns" : {
          "min" : 0,
          "max" : 0,
          "mean" : 0.000000,
          "stddev" : 0.000000,
          "N" : 0
        },
        "clat_ns" : {
          "min" : 179122,
          "max" : 19830398,
          "mean" : 801247.527205,
          "stddev" : 1138921.987590,
          "N" : 9704,
          "percentile" : {
            "1.000000" : 189440,
            "5.000000" : 362496,
            "10.000000" : 378880,
            "20.000000" : 399360,
            "30.000000" : 423936,
            "40.000000" : 440320,
            "50.000000" : 464896,
            "60.000000" : 501760,
            "70.000000" : 552960,
            "80.000000" : 634880,
            "90.000000" : 1056768,
            "95.000000" : 3457024,
            "99.000000" : 6062080,
            "99.500000" : 6717440,
            "99.900000" : 8978432,
            "99.950000" : 12910592,
            "99.990000" : 19791872
          }
        },
        "lat_ns" : {
          "min" : 179159,
          "max" : 19830453,
          "mean" : 801323.478153,
          "stddev" : 1138924.890359,
          "N" : 9704
        },
        "bw_min" : 112384,
        "bw_max" : 133376,
        "bw_agg" : 99.850418,
        "bw_mean" : 124013.368421,
        "bw_dev" : 5073.796685,
        "bw_samples" : 19,
        "iops_min" : 878,
        "iops_max" : 1042,
        "iops_mean" : 968.842105,
        "iops_stddev" : 39.639014,
        "iops_samples" : 19
      },
      "write" : {
        "io_bytes" : 1269170176,
        "io_kbytes" : 1239424,
        "bw_bytes" : 126904327,
        "bw" : 123930,
        "iops" : 968.203180,
        "runtime" : 10001,
        "total_ios" : 9683,
        "short_ios" : 0,
        "drop_ios" : 0,
        "slat_ns" : {
          "min" : 0,
          "max" : 0,
          "mean" : 0.000000,
          "stddev" : 0.000000,
          "N" : 0
        },
        "clat_ns" : {
          "min" : 178024,
          "max" : 5694699,
          "mean" : 225591.200661,
          "stddev" : 128468.468422,
          "N" : 9683,
          "percentile" : {
            "1.000000" : 179200,
            "5.000000" : 181248,
            "10.000000" : 181248,
            "20.000000" : 183296,
            "30.000000" : 185344,
            "40.000000" : 189440,
            "50.000000" : 193536,
            "60.000000" : 203776,
            "70.000000" : 230400,
            "80.000000" : 250880,
            "90.000000" : 268288,
            "95.000000" : 317440,
            "99.000000" : 675840,
            "99.500000" : 815104,
            "99.900000" : 1044480,
            "99.950000" : 2244608,
            "99.990000" : 5668864
          }
        },
        "lat_ns" : {
          "min" : 179662,
          "max" : 5697015,
          "mean" : 227782.850563,
          "stddev" : 128601.967536,
          "N" : 9683
        },
        "bw_min" : 109093,
        "bw_max" : 130048,
        "bw_agg" : 100.000000,
        "bw_mean" : 124027.210526,
        "bw_dev" : 5295.243773,
        "bw_samples" : 19,
        "iops_min" : 852,
        "iops_max" : 1016,
        "iops_mean" : 968.894737,
        "iops_stddev" : 41.364094,
        "iops_samples" : 19
      },
      "trim" : {
        "io_bytes" : 0,
        "io_kbytes" : 0,
        "bw_bytes" : 0,
        "bw" : 0,
        "iops" : 0.000000,
        "runtime" : 0,
        "total_ios" : 0,
        "short_ios" : 0,
        "drop_ios" : 0,
        "slat_ns" : {
          "min" : 0,
          "max" : 0,
          "mean" : 0.000000,
          "stddev" : 0.000000,
          "N" : 0
        },
        "clat_ns" : {
          "min" : 0,
          "max" : 0,
          "mean" : 0.000000,
          "stddev" : 0.000000,
          "N" : 0
        },
        "lat_ns" : {
          "min" : 0,
          "max" : 0,
          "mean" : 0.000000,
          "stddev" : 0.000000,
          "N" : 0
        },
        "bw_min" : 0,
        "bw_max" : 0,
        "bw_agg" : 0.000000,
        "bw_mean" : 0.000000,
        "bw_dev" : 0.000000,
        "bw_samples" : 0,
        "iops_min" : 0,
        "iops_max" : 0,
        "iops_mean" : 0.000000,
        "iops_stddev" : 0.000000,
        "iops_samples" : 0
      },
      "sync" : {
        "total_ios" : 0,
        "lat_ns" : {
          "min" : 0,
          "max" : 0,
          "mean" : 0.000000,
          "stddev" : 0.000000,
          "N" : 0
        }
      },
      "job_runtime" : 10000,
      "usr_cpu" : 0.000000,
      "sys_cpu" : 21.190000,
      "ctx" : 18802,
      "majf" : 0,
      "minf" : 12,
      "iodepth_level" : {
        "1" : 100.000000,
        "2" : 0.000000,
        "4" : 0.000000,
        "8" : 0.000000,
        "16" : 0.000000,
        "32" : 0.000000,
        ">=64" : 0.000000
      },
      "iodepth_submit" : {
        "0" : 0.000000,
        "4" : 100.000000,
        "8" : 0.000000,
        "16" : 0.000000,
        "32" : 0.000000,
        "64" : 0.000000,
        ">=64" : 0.000000
      },
      "iodepth_complete" : {
        "0" : 0.000000,
        "4" : 100.000000,
        "8" : 0.000000,
        "16" : 0.000000,
        "32" : 0.000000,
        "64" : 0.000000,
        ">=64" : 0.000000
      },
      "latency_ns" : {
        "2" : 0.000000,
        "4" : 0.000000,
        "10" : 0.000000,
        "20" : 0.000000,
        "50" : 0.000000,
        "100" : 0.000000,
        "250" : 0.000000,
        "500" : 0.000000,
        "750" : 0.000000,
        "1000" : 0.000000
      },
      "latency_us" : {
        "2" : 0.000000,
        "4" : 0.000000,
        "10" : 0.000000,
        "20" : 0.000000,
        "50" : 0.000000,
        "100" : 0.000000,
        "250" : 40.831485,
        "500" : 38.138959,
        "750" : 13.854645,
        "1000" : 1.846598
      },
      "latency_ms" : {
        "2" : 1.139939,
        "4" : 2.372724,
        "10" : 1.784701,
        "20" : 0.030949,
        "50" : 0.000000,
        "100" : 0.000000,
        "250" : 0.000000,
        "500" : 0.000000,
        "750" : 0.000000,
        "1000" : 0.000000,
        "2000" : 0.000000,
        ">=2000" : 0.000000
      },
      "latency_depth" : 1,
      "latency_target" : 0,
      "latency_percentile" : 100.000000,
      "latency_window" : 0
    }
  ],
  "disk_util" : [
    {
      "name" : "sda",
      "read_ios" : 9595,
      "write_ios" : 9618,
      "read_sectors" : 2456320,
      "write_sectors" : 2452504,
      "read_merges" : 0,
      "write_merges" : 13,
      "read_ticks" : 6902,
      "write_ticks" : 1430,
      "in_queue" : 8346,
      "util" : 71.311229
    }
  ]
}
