{
  "fio version" : "fio-3.36",
  "timestamp" : 1765184957,
  "timestamp_ms" : 1765184957099,
  "time" : "Mon Dec  8 09:09:17 2025",
  "jobs" : [
    {
      "jobname" : "test",
      "groupid" : 0,
      "job_start" : 1765184947083,
      "error" : 0,
      "eta" : 0,
      "elapsed" : 11,
      "job options" : {
        "name" : "test",
        "filename" : "./testfile",
        "rw" : "randrw",
        "filesize" : "100M",
        "bs" : "128k",
        "numjobs" : "1",
        "iodepth" : "1",
        "direct" : "1",
        "runtime" : "10"
      },
      "read" : {
        "io_bytes" : 1202847744,
        "io_kbytes" : 1174656,
        "bw_bytes" : 120272747,
        "bw" : 117453,
        "iops" : 917.608239,
        "runtime" : 10001,
        "total_ios" : 9177,
        "short_ios" : 0,
        "drop_ios" : 0,
        "slat_ns" : {
          "min" : 0,
          "max" : 0,
          "mean" : 0.000000,
          "stddev" : 0.000000,
          "N" : 0
        },
        "clat_ns" : {
          "min" : 437049,
          "max" : 21558807,
          "mean" : 696271.186553,
          "stddev" : 459638.387250,
          "N" : 9177,
          "percentile" : {
            "1.000000" : 444416,
            "5.000000" : 468992,
            "10.000000" : 493568,
            "20.000000" : 552960,
            "30.000000" : 569344,
            "40.000000" : 634880,
            "50.000000" : 675840,
            "60.000000" : 724992,
            "70.000000" : 757760,
            "80.000000" : 806912,
            "90.000000" : 880640,
            "95.000000" : 946176,
            "99.000000" : 1056768,
            "99.500000" : 1089536,
            "99.900000" : 7176192,
            "99.950000" : 8224768,
            "99.990000" : 21626880
          }
        },
        "lat_ns" : {
          "min" : 437195,
          "max" : 21559020,
          "mean" : 696561.633867,
          "stddev" : 459668.152369,
          "N" : 9177
        },
        "bw_min" : 105984,
        "bw_max" : 125952,
        "bw_agg" : 99.927755,
        "bw_mean" : 117369.263158,
        "bw_dev" : 5881.422209,
        "bw_samples" : 19,
        "iops_min" : 828,
        "iops_max" : 984,
        "iops_mean" : 916.947368,
        "iops_stddev" : 45.948611,
        "iops_samples" : 19
      },
      "write" : {
        "io_bytes" : 1202585600,
        "io_kbytes" : 1174400,
        "bw_bytes" : 120246535,
        "bw" : 117428,
        "iops" : 917.408259,
        "runtime" : 10001,
        "total_ios" : 9175,
        "short_ios" : 0,
        "drop_ios" : 0,
        "slat_ns" : {
          "min" : 0,
          "max" : 0,
          "mean" : 0.000000,
          "stddev" : 0.000000,
          "N" : 0
        },
        "clat_ns" : {
          "min" : 277889,
          "max" : 20885747,
          "mean" : 373941.627902,
          "stddev" : 467501.363870,
          "N" : 9175,
          "percentile" : {
            "1.000000" : 284672,
            "5.000000" : 288768,
            "10.000000" : 292864,
            "20.000000" : 305152,
            "30.000000" : 309248,
            "40.000000" : 313344,
            "50.000000" : 317440,
            "60.000000" : 321536,
            "70.000000" : 342016,
            "80.000000" : 387072,
            "90.000000" : 561152,
            "95.000000" : 593920,
            "99.000000" : 634880,
            "99.500000" : 643072,
            "99.900000" : 2088960,
            "99.950000" : 16908288,
            "99.990000" : 20840448
          }
        },
        "lat_ns" : {
          "min" : 283443,
          "max" : 20891704,
          "mean" : 383819.822016,
          "stddev" : 467686.617050,
          "N" : 9175
        },
        "bw_min" : 111360,
        "bw_max" : 124160,
        "bw_agg" : 99.903552,
        "bw_mean" : 117315.368421,
        "bw_dev" : 4050.271050,
        "bw_samples" : 19,
        "iops_min" : 870,
        "iops_max" : 970,
        "iops_mean" : 916.526316,
        "iops_stddev" : 31.642743,
        "iops_samples" : 19
      },
      "trim" : {
        "io_bytes" : 0,
        "io_kbytes" : 0,
        "bw_bytes" : 0,
        "bw" : 0,
        "iops" : 0.000000,
        "runtime" : 0,
        "total_ios" : 0,
        "short_ios" : 0,
        "drop_ios" : 0,
        "slat_ns" : {
          "min" : 0,
          "max" : 0,
          "mean" : 0.000000,
          "stddev" : 0.000000,
          "N" : 0
        },
        "clat_ns" : {
          "min" : 0,
          "max" : 0,
          "mean" : 0.000000,
          "stddev" : 0.000000,
          "N" : 0
        },
        "lat_ns" : {
          "min" : 0,
          "max" : 0,
          "mean" : 0.000000,
          "stddev" : 0.000000,
          "N" : 0
        },
        "bw_min" : 0,
        "bw_max" : 0,
        "bw_agg" : 0.000000,
        "bw_mean" : 0.000000,
        "bw_dev" : 0.000000,
        "bw_samples" : 0,
        "iops_min" : 0,
        "iops_max" : 0,
        "iops_mean" : 0.000000,
        "iops_stddev" : 0.000000,
        "iops_samples" : 0
      },
      "sync" : {
        "total_ios" : 0,
        "lat_ns" : {
          "min" : 0,
          "max" : 0,
          "mean" : 0.000000,
          "stddev" : 0.000000,
          "N" : 0
        }
      },
      "job_runtime" : 10000,
      "usr_cpu" : 2.430000,
      "sys_cpu" : 9.400000,
      "ctx" : 18360,
      "majf" : 0,
      "minf" : 12,
      "iodepth_level" : {
        "1" : 100.000000,
        "2" : 0.000000,
        "4" : 0.000000,
        "8" : 0.000000,
        "16" : 0.000000,
        "32" : 0.000000,
        ">=64" : 0.000000
      },
      "iodepth_submit" : {
        "0" : 0.000000,
        "4" : 100.000000,
        "8" : 0.000000,
        "16" : 0.000000,
        "32" : 0.000000,
        "64" : 0.000000,
        ">=64" : 0.000000
      },
      "iodepth_complete" : {
        "0" : 0.000000,
        "4" : 100.000000,
        "8" : 0.000000,
        "16" : 0.000000,
        "32" : 0.000000,
        "64" : 0.000000,
        ">=64" : 0.000000
      },
      "latency_ns" : {
        "2" : 0.000000,
        "4" : 0.000000,
        "10" : 0.000000,
        "20" : 0.000000,
        "50" : 0.000000,
        "100" : 0.000000,
        "250" : 0.000000,
        "500" : 0.000000,
        "750" : 0.000000,
        "1000" : 0.000000
      },
      "latency_us" : {
        "2" : 0.000000,
        "4" : 0.000000,
        "10" : 0.000000,
        "20" : 0.000000,
        "50" : 0.000000,
        "100" : 0.000000,
        "250" : 0.000000,
        "500" : 48.125545,
        "750" : 35.876199,
        "1000" : 14.619660
      },
      "latency_ms" : {
        "2" : 1.264167,
        "4" : 0.010898,
        "10" : 0.049041,
        "20" : 0.038143,
        "50" : 0.016347,
        "100" : 0.000000,
        "250" : 0.000000,
        "500" : 0.000000,
        "750" : 0.000000,
        "1000" : 0.000000,
        "2000" : 0.000000,
        ">=2000" : 0.000000
      },
      "latency_depth" : 1,
      "latency_target" : 0,
      "latency_percentile" : 100.000000,
      "latency_window" : 0
    }
  ],
  "disk_util" : [
    {
      "name" : "sda",
      "read_ios" : 9061,
      "write_ios" : 9074,
      "read_sectors" : 2319616,
      "write_sectors" : 2321328,
      "read_merges" : 0,
      "write_merges" : 14,
      "read_ticks" : 5929,
      "write_ticks" : 3070,
      "in_queue" : 9003,
      "util" : 89.934902
    }
  ]
}
