{
  "fio version" : "fio-3.36",
  "timestamp" : 1765185051,
  "timestamp_ms" : 1765185051801,
  "time" : "Mon Dec  8 09:10:51 2025",
  "jobs" : [
    {
      "jobname" : "test",
      "groupid" : 0,
      "job_start" : 1765185041782,
      "error" : 0,
      "eta" : 0,
      "elapsed" : 11,
      "job options" : {
        "name" : "test",
        "filename" : "./testfile",
        "rw" : "randrw",
        "filesize" : "500M",
        "bs" : "128k",
        "numjobs" : "1",
        "iodepth" : "1",
        "direct" : "1",
        "runtime" : "10"
      },
      "read" : {
        "io_bytes" : 23330816,
        "io_kbytes" : 22784,
        "bw_bytes" : 2332848,
        "bw" : 2278,
        "iops" : 17.798220,
        "runtime" : 10001,
        "total_ios" : 178,
        "short_ios" : 0,
        "drop_ios" : 0,
        "slat_ns" : {
          "min" : 0,
          "max" : 0,
          "mean" : 0.000000,
          "stddev" : 0.000000,
          "N" : 0
        },
        "clat_ns" : {
          "min" : 7771322,
          "max" : 323340007,
          "mean" : 34027187.601124,
          "stddev" : 42103078.179694,
          "N" : 178,
          "percentile" : {
            "1.000000" : 7766016,
            "5.000000" : 9371648,
            "10.000000" : 10158080,
            "20.000000" : 12517376,
            "30.000000" : 13697024,
            "40.000000" : 15663104,
            "50.000000" : 18481152,
            "60.000000" : 20840448,
            "70.000000" : 28966912,
            "80.000000" : 45875200,
            "90.000000" : 70778880,
            "95.000000" : 133693440,
            "99.000000" : 191889408,
            "99.500000" : 325058560,
            "99.900000" : 325058560,
            "99.950000" : 325058560,
            "99.990000" : 325058560
          }
        },
        "lat_ns" : {
          "min" : 7772560,
          "max" : 323341143,
          "mean" : 34028366.039326,
          "stddev" : 42103050.137172,
          "N" : 178
        },
        "bw_min" : 256,
        "bw_max" : 5109,
        "bw_agg" : 96.217499,
        "bw_mean" : 2192.315789,
        "bw_dev" : 1468.819104,
        "bw_samples" : 19,
        "iops_min" : 2,
        "iops_max" : 39,
        "iops_mean" : 16.473684,
        "iops_stddev" : 11.384045,
        "iops_samples" : 19
      },
      "write" : {
        "io_bytes" : 24117248,
        "io_kbytes" : 23552,
        "bw_bytes" : 2411483,
        "bw" : 2354,
        "iops" : 18.398160,
        "runtime" : 10001,
        "total_ios" : 184,
        "short_ios" : 0,
        "drop_ios" : 0,
        "slat_ns" : {
          "min" : 0,
          "max" : 0,
          "mean" : 0.000000,
          "stddev" : 0.000000,
          "N" : 0
        },
        "clat_ns" : {
          "min" : 369276,
          "max" : 449693706,
          "mean" : 21372131.211957,
          "stddev" : 42684443.327614,
          "N" : 184,
          "percentile" : {
            "1.000000" : 415744,
            "5.000000" : 522240,
            "10.000000" : 602112,
            "20.000000" : 684032,
            "30.000000" : 724992,
            "40.000000" : 921600,
            "50.000000" : 9895936,
            "60.000000" : 16908288,
            "70.000000" : 24248320,
            "80.000000" : 31850496,
            "90.000000" : 52166656,
            "95.000000" : 63700992,
            "99.000000" : 265289728,
            "99.500000" : 450887680,
            "99.900000" : 450887680,
            "99.950000" : 450887680,
            "99.990000" : 450887680
          }
        },
        "lat_ns" : {
          "min" : 379482,
          "max" : 449709157,
          "mean" : 21387590.375000,
          "stddev" : 42684692.865977,
          "N" : 184
        },
        "bw_min" : 255,
        "bw_max" : 6131,
        "bw_agg" : 94.778524,
        "bw_mean" : 2232.842105,
        "bw_dev" : 1615.798986,
        "bw_samples" : 19,
        "iops_min" : 1,
        "iops_max" : 47,
        "iops_mean" : 16.789474,
        "iops_stddev" : 12.563523,
        "iops_samples" : 19
      },
      "trim" : {
        "io_bytes" : 0,
        "io_kbytes" : 0,
        "bw_bytes" : 0,
        "bw" : 0,
        "iops" : 0.000000,
        "runtime" : 0,
        "total_ios" : 0,
        "short_ios" : 0,
        "drop_ios" : 0,
        "slat_ns" : {
          "min" : 0,
          "max" : 0,
          "mean" : 0.000000,
          "stddev" : 0.000000,
          "N" : 0
        },
        "clat_ns" : {
          "min" : 0,
          "max" : 0,
          "mean" : 0.000000,
          "stddev" : 0.000000,
          "N" : 0
        },
        "lat_ns" : {
          "min" : 0,
          "max" : 0,
          "mean" : 0.000000,
          "stddev" : 0.000000,
          "N" : 0
        },
        "bw_min" : 0,
        "bw_max" : 0,
        "bw_agg" : 0.000000,
        "bw_mean" : 0.000000,
        "bw_dev" : 0.000000,
        "bw_samples" : 0,
        "iops_min" : 0,
        "iops_max" : 0,
        "iops_mean" : 0.000000,
        "iops_stddev" : 0.000000,
        "iops_samples" : 0
      },
      "sync" : {
        "total_ios" : 0,
        "lat_ns" : {
          "min" : 0,
          "max" : 0,
          "mean" : 0.000000,
          "stddev" : 0.000000,
          "N" : 0
        }
      },
      "job_runtime" : 10000,
      "usr_cpu" : 0.250000,
      "sys_cpu" : 0.750000,
      "ctx" : 362,
      "majf" : 0,
      "minf" : 14,
      "iodepth_level" : {
        "1" : 100.000000,
        "2" : 0.000000,
        "4" : 0.000000,
        "8" : 0.000000,
        "16" : 0.000000,
        "32" : 0.000000,
        ">=64" : 0.000000
      },
      "iodepth_submit" : {
        "0" : 0.000000,
        "4" : 100.000000,
        "8" : 0.000000,
        "16" : 0.000000,
        "32" : 0.000000,
        "64" : 0.000000,
        ">=64" : 0.000000
      },
      "iodepth_complete" : {
        "0" : 0.000000,
        "4" : 100.000000,
        "8" : 0.000000,
        "16" : 0.000000,
        "32" : 0.000000,
        "64" : 0.000000,
        ">=64" : 0.000000
      },
      "latency_ns" : {
        "2" : 0.000000,
        "4" : 0.000000,
        "10" : 0.000000,
        "20" : 0.000000,
        "50" : 0.000000,
        "100" : 0.000000,
        "250" : 0.000000,
        "500" : 0.000000,
        "750" : 0.000000,
        "1000" : 0.000000
      },
      "latency_us" : {
        "2" : 0.000000,
        "4" : 0.000000,
        "10" : 0.000000,
        "20" : 0.000000,
        "50" : 0.000000,
        "100" : 0.000000,
        "250" : 0.000000,
        "500" : 1.657459,
        "750" : 17.679558,
        "1000" : 1.104972
      },
      "latency_ms" : {
        "2" : 0.552486,
        "4" : 1.104972,
        "10" : 7.734807,
        "20" : 30.662983,
        "50" : 24.309392,
        "100" : 10.497238,
        "250" : 3.867403,
        "500" : 0.828729,
        "750" : 0.000000,
        "1000" : 0.000000,
        "2000" : 0.000000,
        ">=2000" : 0.000000
      },
      "latency_depth" : 1,
      "latency_target" : 0,
      "latency_percentile" : 100.000000,
      "latency_window" : 0
    }
  ],
  "disk_util" : [
    {
      "name" : "sda",
      "read_ios" : 171,
      "write_ios" : 245,
      "read_sectors" : 43776,
      "write_sectors" : 46280,
      "read_merges" : 0,
      "write_merges" : 16,
      "read_ticks" : 5968,
      "write_ticks" : 6956,
      "in_queue" : 13355,
      "util" : 96.059755
    }
  ]
}
