{
  "fio version" : "fio-3.36",
  "timestamp" : 1765157078,
  "timestamp_ms" : 1765157078764,
  "time" : "Mon Dec  8 01:24:38 2025",
  "jobs" : [
    {
      "jobname" : "test",
      "groupid" : 0,
      "job_start" : 1765157068747,
      "error" : 0,
      "eta" : 0,
      "elapsed" : 11,
      "job options" : {
        "name" : "test",
        "filename" : "./testfile",
        "rw" : "randrw",
        "filesize" : "500M",
        "bs" : "128k",
        "numjobs" : "1",
        "iodepth" : "1",
        "direct" : "1",
        "runtime" : "10"
      },
      "read" : {
        "io_bytes" : 1119223808,
        "io_kbytes" : 1092992,
        "bw_bytes" : 111911189,
        "bw" : 109288,
        "iops" : 853.814619,
        "runtime" : 10001,
        "total_ios" : 8539,
        "short_ios" : 0,
        "drop_ios" : 0,
        "slat_ns" : {
          "min" : 0,
          "max" : 0,
          "mean" : 0.000000,
          "stddev" : 0.000000,
          "N" : 0
        },
        "clat_ns" : {
          "min" : 184651,
          "max" : 326102839,
          "mean" : 935739.876332,
          "stddev" : 5100950.013685,
          "N" : 8539,
          "percentile" : {
            "1.000000" : 354304,
            "5.000000" : 374784,
            "10.000000" : 391168,
            "20.000000" : 411648,
            "30.000000" : 428032,
            "40.000000" : 448512,
            "50.000000" : 473088,
            "60.000000" : 514048,
            "70.000000" : 577536,
            "80.000000" : 659456,
            "90.000000" : 1003520,
            "95.000000" : 3358720,
            "99.000000" : 6062080,
            "99.500000" : 6782976,
            "99.900000" : 23724032,
            "99.950000" : 122159104,
            "99.990000" : 325058560
          }
        },
        "lat_ns" : {
          "min" : 184691,
          "max" : 326102895,
          "mean" : 935808.905141,
          "stddev" : 5100952.458866,
          "N" : 8539
        },
        "bw_min" : 6656,
        "bw_max" : 138240,
        "bw_agg" : 99.780150,
        "bw_mean" : 109048.052632,
        "bw_dev" : 37421.291192,
        "bw_samples" : 19,
        "iops_min" : 52,
        "iops_max" : 1080,
        "iops_mean" : 851.894737,
        "iops_stddev" : 292.354027,
        "iops_samples" : 19
      },
      "write" : {
        "io_bytes" : 1122107392,
        "io_kbytes" : 1095808,
        "bw_bytes" : 112199519,
        "bw" : 109569,
        "iops" : 856.014399,
        "runtime" : 10001,
        "total_ios" : 8561,
        "short_ios" : 0,
        "drop_ios" : 0,
        "slat_ns" : {
          "min" : 0,
          "max" : 0,
          "mean" : 0.000000,
          "stddev" : 0.000000,
          "N" : 0
        },
        "clat_ns" : {
          "min" : 180923,
          "max" : 2417002,
          "mean" : 230527.106296,
          "stddev" : 87170.981897,
          "N" : 8561,
          "percentile" : {
            "1.000000" : 183296,
            "5.000000" : 183296,
            "10.000000" : 185344,
            "20.000000" : 187392,
            "30.000000" : 189440,
            "40.000000" : 193536,
            "50.000000" : 199680,
            "60.000000" : 214016,
            "70.000000" : 242688,
            "80.000000" : 257024,
            "90.000000" : 284672,
            "95.000000" : 337920,
            "99.000000" : 667648,
            "99.500000" : 806912,
            "99.900000" : 1056768,
            "99.950000" : 1122304,
            "99.990000" : 2408448
          }
        },
        "lat_ns" : {
          "min" : 182250,
          "max" : 2420026,
          "mean" : 232779.122065,
          "stddev" : 87443.553161,
          "N" : 8561
        },
        "bw_min" : 9472,
        "bw_max" : 132352,
        "bw_agg" : 100.000000,
        "bw_mean" : 109693.684211,
        "bw_dev" : 36968.356281,
        "bw_samples" : 19,
        "iops_min" : 74,
        "iops_max" : 1034,
        "iops_mean" : 856.947368,
        "iops_stddev" : 288.817027,
        "iops_samples" : 19
      },
      "trim" : {
        "io_bytes" : 0,
        "io_kbytes" : 0,
        "bw_bytes" : 0,
        "bw" : 0,
        "iops" : 0.000000,
        "runtime" : 0,
        "total_ios" : 0,
        "short_ios" : 0,
        "drop_ios" : 0,
        "slat_ns" : {
          "min" : 0,
          "max" : 0,
          "mean" : 0.000000,
          "stddev" : 0.000000,
          "N" : 0
        },
        "clat_ns" : {
          "min" : 0,
          "max" : 0,
          "mean" : 0.000000,
          "stddev" : 0.000000,
          "N" : 0
        },
        "lat_ns" : {
          "min" : 0,
          "max" : 0,
          "mean" : 0.000000,
          "stddev" : 0.000000,
          "N" : 0
        },
        "bw_min" : 0,
        "bw_max" : 0,
        "bw_agg" : 0.000000,
        "bw_mean" : 0.000000,
        "bw_dev" : 0.000000,
        "bw_samples" : 0,
        "iops_min" : 0,
        "iops_max" : 0,
        "iops_mean" : 0.000000,
        "iops_stddev" : 0.000000,
        "iops_samples" : 0
      },
      "sync" : {
        "total_ios" : 0,
        "lat_ns" : {
          "min" : 0,
          "max" : 0,
          "mean" : 0.000000,
          "stddev" : 0.000000,
          "N" : 0
        }
      },
      "job_runtime" : 10000,
      "usr_cpu" : 0.000000,
      "sys_cpu" : 18.940000,
      "ctx" : 16599,
      "majf" : 0,
      "minf" : 13,
      "iodepth_level" : {
        "1" : 100.000000,
        "2" : 0.000000,
        "4" : 0.000000,
        "8" : 0.000000,
        "16" : 0.000000,
        "32" : 0.000000,
        ">=64" : 0.000000
      },
      "iodepth_submit" : {
        "0" : 0.000000,
        "4" : 100.000000,
        "8" : 0.000000,
        "16" : 0.000000,
        "32" : 0.000000,
        "64" : 0.000000,
        ">=64" : 0.000000
      },
      "iodepth_complete" : {
        "0" : 0.000000,
        "4" : 100.000000,
        "8" : 0.000000,
        "16" : 0.000000,
        "32" : 0.000000,
        "64" : 0.000000,
        ">=64" : 0.000000
      },
      "latency_ns" : {
        "2" : 0.000000,
        "4" : 0.000000,
        "10" : 0.000000,
        "20" : 0.000000,
        "50" : 0.000000,
        "100" : 0.000000,
        "250" : 0.000000,
        "500" : 0.000000,
        "750" : 0.000000,
        "1000" : 0.000000
      },
      "latency_us" : {
        "2" : 0.000000,
        "4" : 0.000000,
        "10" : 0.000000,
        "20" : 0.000000,
        "50" : 0.000000,
        "100" : 0.000000,
        "250" : 37.005848,
        "500" : 40.549708,
        "750" : 14.713450,
        "1000" : 2.637427
      },
      "latency_ms" : {
        "2" : 1.087719,
        "4" : 2.274854,
        "10" : 1.643275,
        "20" : 0.017544,
        "50" : 0.023392,
        "100" : 0.017544,
        "250" : 0.023392,
        "500" : 0.010000,
        "750" : 0.000000,
        "1000" : 0.000000,
        "2000" : 0.000000,
        ">=2000" : 0.000000
      },
      "latency_depth" : 1,
      "latency_target" : 0,
      "latency_percentile" : 100.000000,
      "latency_window" : 0
    }
  ],
  "disk_util" : [
    {
      "name" : "sda",
      "read_ios" : 8453,
      "write_ios" : 8508,
      "read_sectors" : 2163968,
      "write_sectors" : 2170056,
      "read_merges" : 0,
      "write_merges" : 13,
      "read_ticks" : 7196,
      "write_ticks" : 1285,
      "in_queue" : 8490,
      "util" : 73.886052
    }
  ]
}
