{
  "fio version" : "fio-3.36",
  "timestamp" : 1765157089,
  "timestamp_ms" : 1765157089035,
  "time" : "Mon Dec  8 01:24:49 2025",
  "jobs" : [
    {
      "jobname" : "test",
      "groupid" : 0,
      "job_start" : 1765157079022,
      "error" : 0,
      "eta" : 0,
      "elapsed" : 11,
      "job options" : {
        "name" : "test",
        "filename" : "./testfile",
        "rw" : "randrw",
        "filesize" : "500M",
        "bs" : "128k",
        "numjobs" : "1",
        "iodepth" : "1",
        "direct" : "1",
        "runtime" : "10"
      },
      "read" : {
        "io_bytes" : 1237975040,
        "io_kbytes" : 1208960,
        "bw_bytes" : 123785125,
        "bw" : 120883,
        "iops" : 944.405559,
        "runtime" : 10001,
        "total_ios" : 9445,
        "short_ios" : 0,
        "drop_ios" : 0,
        "slat_ns" : {
          "min" : 0,
          "max" : 0,
          "mean" : 0.000000,
          "stddev" : 0.000000,
          "N" : 0
        },
        "clat_ns" : {
          "min" : 182265,
          "max" : 19936417,
          "mean" : 821843.456750,
          "stddev" : 1132489.726169,
          "N" : 9445,
          "percentile" : {
            "1.000000" : 354304,
            "5.000000" : 378880,
            "10.000000" : 391168,
            "20.000000" : 415744,
            "30.000000" : 436224,
            "40.000000" : 456704,
            "50.000000" : 489472,
            "60.000000" : 528384,
            "70.000000" : 593920,
            "80.000000" : 675840,
            "90.000000" : 1105920,
            "95.000000" : 3325952,
            "99.000000" : 5931008,
            "99.500000" : 6914048,
            "99.900000" : 10027008,
            "99.950000" : 12648448,
            "99.990000" : 20054016
          }
        },
        "lat_ns" : {
          "min" : 182300,
          "max" : 19936458,
          "mean" : 821911.619481,
          "stddev" : 1132494.468174,
          "N" : 9445
        },
        "bw_min" : 98304,
        "bw_max" : 139008,
        "bw_agg" : 99.824699,
        "bw_mean" : 120672.736842,
        "bw_dev" : 10084.578875,
        "bw_samples" : 19,
        "iops_min" : 768,
        "iops_max" : 1086,
        "iops_mean" : 942.684211,
        "iops_stddev" : 78.754226,
        "iops_samples" : 19
      },
      "write" : {
        "io_bytes" : 1237057536,
        "io_kbytes" : 1208064,
        "bw_bytes" : 123693384,
        "bw" : 120794,
        "iops" : 943.705629,
        "runtime" : 10001,
        "total_ios" : 9438,
        "short_ios" : 0,
        "drop_ios" : 0,
        "slat_ns" : {
          "min" : 0,
          "max" : 0,
          "mean" : 0.000000,
          "stddev" : 0.000000,
          "N" : 0
        },
        "clat_ns" : {
          "min" : 179704,
          "max" : 2302876,
          "mean" : 232888.379424,
          "stddev" : 96185.442075,
          "N" : 9438,
          "percentile" : {
            "1.000000" : 183296,
            "5.000000" : 183296,
            "10.000000" : 185344,
            "20.000000" : 187392,
            "30.000000" : 189440,
            "40.000000" : 193536,
            "50.000000" : 199680,
            "60.000000" : 214016,
            "70.000000" : 240640,
            "80.000000" : 257024,
            "90.000000" : 288768,
            "95.000000" : 354304,
            "99.000000" : 684032,
            "99.500000" : 831488,
            "99.900000" : 1187840,
            "99.950000" : 1499136,
            "99.990000" : 2310144
          }
        },
        "lat_ns" : {
          "min" : 181133,
          "max" : 2305003,
          "mean" : 235185.098644,
          "stddev" : 96468.307142,
          "N" : 9438
        },
        "bw_min" : 101120,
        "bw_max" : 128766,
        "bw_agg" : 99.720748,
        "bw_mean" : 120457.105263,
        "bw_dev" : 7415.179258,
        "bw_samples" : 19,
        "iops_min" : 790,
        "iops_max" : 1005,
        "iops_mean" : 941.000000,
        "iops_stddev" : 57.878225,
        "iops_samples" : 19
      },
      "trim" : {
        "io_bytes" : 0,
        "io_kbytes" : 0,
        "bw_bytes" : 0,
        "bw" : 0,
        "iops" : 0.000000,
        "runtime" : 0,
        "total_ios" : 0,
        "short_ios" : 0,
        "drop_ios" : 0,
        "slat_ns" : {
          "min" : 0,
          "max" : 0,
          "mean" : 0.000000,
          "stddev" : 0.000000,
          "N" : 0
        },
        "clat_ns" : {
          "min" : 0,
          "max" : 0,
          "mean" : 0.000000,
          "stddev" : 0.000000,
          "N" : 0
        },
        "lat_ns" : {
          "min" : 0,
          "max" : 0,
          "mean" : 0.000000,
          "stddev" : 0.000000,
          "N" : 0
        },
        "bw_min" : 0,
        "bw_max" : 0,
        "bw_agg" : 0.000000,
        "bw_mean" : 0.000000,
        "bw_dev" : 0.000000,
        "bw_samples" : 0,
        "iops_min" : 0,
        "iops_max" : 0,
        "iops_mean" : 0.000000,
        "iops_stddev" : 0.000000,
        "iops_samples" : 0
      },
      "sync" : {
        "total_ios" : 0,
        "lat_ns" : {
          "min" : 0,
          "max" : 0,
          "mean" : 0.000000,
          "stddev" : 0.000000,
          "N" : 0
        }
      },
      "job_runtime" : 10000,
      "usr_cpu" : 0.000000,
      "sys_cpu" : 20.930000,
      "ctx" : 18358,
      "majf" : 0,
      "minf" : 10,
      "iodepth_level" : {
        "1" : 100.000000,
        "2" : 0.000000,
        "4" : 0.000000,
        "8" : 0.000000,
        "16" : 0.000000,
        "32" : 0.000000,
        ">=64" : 0.000000
      },
      "iodepth_submit" : {
        "0" : 0.000000,
        "4" : 100.000000,
        "8" : 0.000000,
        "16" : 0.000000,
        "32" : 0.000000,
        "64" : 0.000000,
        ">=64" : 0.000000
      },
      "iodepth_complete" : {
        "0" : 0.000000,
        "4" : 100.000000,
        "8" : 0.000000,
        "16" : 0.000000,
        "32" : 0.000000,
        "64" : 0.000000,
        ">=64" : 0.000000
      },
      "latency_ns" : {
        "2" : 0.000000,
        "4" : 0.000000,
        "10" : 0.000000,
        "20" : 0.000000,
        "50" : 0.000000,
        "100" : 0.000000,
        "250" : 0.000000,
        "500" : 0.000000,
        "750" : 0.000000,
        "1000" : 0.000000
      },
      "latency_us" : {
        "2" : 0.000000,
        "4" : 0.000000,
        "10" : 0.000000,
        "20" : 0.000000,
        "50" : 0.000000,
        "100" : 0.000000,
        "250" : 37.086268,
        "500" : 38.500238,
        "750" : 16.263306,
        "1000" : 2.626701
      },
      "latency_ms" : {
        "2" : 1.456336,
        "4" : 2.282476,
        "10" : 1.737012,
        "20" : 0.047662,
        "50" : 0.000000,
        "100" : 0.000000,
        "250" : 0.000000,
        "500" : 0.000000,
        "750" : 0.000000,
        "1000" : 0.000000,
        "2000" : 0.000000,
        ">=2000" : 0.000000
      },
      "latency_depth" : 1,
      "latency_target" : 0,
      "latency_percentile" : 100.000000,
      "latency_window" : 0
    }
  ],
  "disk_util" : [
    {
      "name" : "sda",
      "read_ios" : 9339,
      "write_ios" : 9341,
      "read_sectors" : 2390784,
      "write_sectors" : 2390160,
      "read_merges" : 0,
      "write_merges" : 12,
      "read_ticks" : 6890,
      "write_ticks" : 1427,
      "in_queue" : 8328,
      "util" : 71.033654
    }
  ]
}
