{
  "fio version" : "fio-3.36",
  "timestamp" : 1765157068,
  "timestamp_ms" : 1765157068491,
  "time" : "Mon Dec  8 01:24:28 2025",
  "jobs" : [
    {
      "jobname" : "test",
      "groupid" : 0,
      "job_start" : 1765157058470,
      "error" : 0,
      "eta" : 0,
      "elapsed" : 11,
      "job options" : {
        "name" : "test",
        "filename" : "./testfile",
        "rw" : "randrw",
        "filesize" : "500M",
        "bs" : "128k",
        "numjobs" : "1",
        "iodepth" : "1",
        "direct" : "1",
        "runtime" : "10"
      },
      "read" : {
        "io_bytes" : 1231814656,
        "io_kbytes" : 1202944,
        "bw_bytes" : 123169148,
        "bw" : 120282,
        "iops" : 939.706029,
        "runtime" : 10001,
        "total_ios" : 9398,
        "short_ios" : 0,
        "drop_ios" : 0,
        "slat_ns" : {
          "min" : 0,
          "max" : 0,
          "mean" : 0.000000,
          "stddev" : 0.000000,
          "N" : 0
        },
        "clat_ns" : {
          "min" : 184079,
          "max" : 22583558,
          "mean" : 823203.478080,
          "stddev" : 1127347.625189,
          "N" : 9398,
          "percentile" : {
            "1.000000" : 358400,
            "5.000000" : 382976,
            "10.000000" : 395264,
            "20.000000" : 423936,
            "30.000000" : 444416,
            "40.000000" : 468992,
            "50.000000" : 501760,
            "60.000000" : 544768,
            "70.000000" : 602112,
            "80.000000" : 675840,
            "90.000000" : 1028096,
            "95.000000" : 3358720,
            "99.000000" : 5931008,
            "99.500000" : 6914048,
            "99.900000" : 9633792,
            "99.950000" : 10289152,
            "99.990000" : 22675456
          }
        },
        "lat_ns" : {
          "min" : 184165,
          "max" : 22583707,
          "mean" : 823296.407001,
          "stddev" : 1127352.001289,
          "N" : 9398
        },
        "bw_min" : 100864,
        "bw_max" : 131072,
        "bw_agg" : 99.683768,
        "bw_mean" : 119902.789474,
        "bw_dev" : 9387.414030,
        "bw_samples" : 19,
        "iops_min" : 788,
        "iops_max" : 1024,
        "iops_mean" : 936.684211,
        "iops_stddev" : 73.280324,
        "iops_samples" : 19
      },
      "write" : {
        "io_bytes" : 1230503936,
        "io_kbytes" : 1201664,
        "bw_bytes" : 123038089,
        "bw" : 120154,
        "iops" : 938.706129,
        "runtime" : 10001,
        "total_ios" : 9388,
        "short_ios" : 0,
        "drop_ios" : 0,
        "slat_ns" : {
          "min" : 0,
          "max" : 0,
          "mean" : 0.000000,
          "stddev" : 0.000000,
          "N" : 0
        },
        "clat_ns" : {
          "min" : 181176,
          "max" : 5874617,
          "mean" : 236662.140499,
          "stddev" : 110080.467597,
          "N" : 9388,
          "percentile" : {
            "1.000000" : 183296,
            "5.000000" : 185344,
            "10.000000" : 187392,
            "20.000000" : 189440,
            "30.000000" : 193536,
            "40.000000" : 197632,
            "50.000000" : 203776,
            "60.000000" : 218112,
            "70.000000" : 246784,
            "80.000000" : 261120,
            "90.000000" : 296960,
            "95.000000" : 358400,
            "99.000000" : 667648,
            "99.500000" : 790528,
            "99.900000" : 1056768,
            "99.950000" : 1187840,
            "99.990000" : 5865472
          }
        },
        "lat_ns" : {
          "min" : 182185,
          "max" : 5877619,
          "mean" : 238988.608117,
          "stddev" : 110355.097793,
          "N" : 9388
        },
        "bw_min" : 104960,
        "bw_max" : 131321,
        "bw_agg" : 99.836557,
        "bw_mean" : 119958.368421,
        "bw_dev" : 7124.250964,
        "bw_samples" : 19,
        "iops_min" : 820,
        "iops_max" : 1025,
        "iops_mean" : 937.105263,
        "iops_stddev" : 55.578668,
        "iops_samples" : 19
      },
      "trim" : {
        "io_bytes" : 0,
        "io_kbytes" : 0,
        "bw_bytes" : 0,
        "bw" : 0,
        "iops" : 0.000000,
        "runtime" : 0,
        "total_ios" : 0,
        "short_ios" : 0,
        "drop_ios" : 0,
        "slat_ns" : {
          "min" : 0,
          "max" : 0,
          "mean" : 0.000000,
          "stddev" : 0.000000,
          "N" : 0
        },
        "clat_ns" : {
          "min" : 0,
          "max" : 0,
          "mean" : 0.000000,
          "stddev" : 0.000000,
          "N" : 0
        },
        "lat_ns" : {
          "min" : 0,
          "max" : 0,
          "mean" : 0.000000,
          "stddev" : 0.000000,
          "N" : 0
        },
        "bw_min" : 0,
        "bw_max" : 0,
        "bw_agg" : 0.000000,
        "bw_mean" : 0.000000,
        "bw_dev" : 0.000000,
        "bw_samples" : 0,
        "iops_min" : 0,
        "iops_max" : 0,
        "iops_mean" : 0.000000,
        "iops_stddev" : 0.000000,
        "iops_samples" : 0
      },
      "sync" : {
        "total_ios" : 0,
        "lat_ns" : {
          "min" : 0,
          "max" : 0,
          "mean" : 0.000000,
          "stddev" : 0.000000,
          "N" : 0
        }
      },
      "job_runtime" : 10000,
      "usr_cpu" : 0.000000,
      "sys_cpu" : 21.330000,
      "ctx" : 18269,
      "majf" : 0,
      "minf" : 13,
      "iodepth_level" : {
        "1" : 100.000000,
        "2" : 0.000000,
        "4" : 0.000000,
        "8" : 0.000000,
        "16" : 0.000000,
        "32" : 0.000000,
        ">=64" : 0.000000
      },
      "iodepth_submit" : {
        "0" : 0.000000,
        "4" : 100.000000,
        "8" : 0.000000,
        "16" : 0.000000,
        "32" : 0.000000,
        "64" : 0.000000,
        ">=64" : 0.000000
      },
      "iodepth_complete" : {
        "0" : 0.000000,
        "4" : 100.000000,
        "8" : 0.000000,
        "16" : 0.000000,
        "32" : 0.000000,
        "64" : 0.000000,
        ">=64" : 0.000000
      },
      "latency_ns" : {
        "2" : 0.000000,
        "4" : 0.000000,
        "10" : 0.000000,
        "20" : 0.000000,
        "50" : 0.000000,
        "100" : 0.000000,
        "250" : 0.000000,
        "500" : 0.000000,
        "750" : 0.000000,
        "1000" : 0.000000
      },
      "latency_us" : {
        "2" : 0.000000,
        "4" : 0.000000,
        "10" : 0.000000,
        "20" : 0.000000,
        "50" : 0.000000,
        "100" : 0.000000,
        "250" : 35.744704,
        "500" : 38.129458,
        "750" : 18.242308,
        "1000" : 2.634941
      },
      "latency_ms" : {
        "2" : 1.245608,
        "4" : 2.257000,
        "10" : 1.714042,
        "20" : 0.026616,
        "50" : 0.010000,
        "100" : 0.000000,
        "250" : 0.000000,
        "500" : 0.000000,
        "750" : 0.000000,
        "1000" : 0.000000,
        "2000" : 0.000000,
        ">=2000" : 0.000000
      },
      "latency_depth" : 1,
      "latency_target" : 0,
      "latency_percentile" : 100.000000,
      "latency_window" : 0
    }
  ],
  "disk_util" : [
    {
      "name" : "sda",
      "read_ios" : 9293,
      "write_ios" : 9340,
      "read_sectors" : 2379008,
      "write_sectors" : 2380848,
      "read_merges" : 0,
      "write_merges" : 16,
      "read_ticks" : 6854,
      "write_ticks" : 1450,
      "in_queue" : 8314,
      "util" : 70.643029
    }
  ]
}
