{
  "fio version" : "fio-3.36",
  "timestamp" : 1764722510,
  "timestamp_ms" : 1764722510258,
  "time" : "Wed Dec  3 00:41:50 2025",
  "jobs" : [
    {
      "jobname" : "test",
      "groupid" : 0,
      "job_start" : 1764722500241,
      "error" : 0,
      "eta" : 0,
      "elapsed" : 11,
      "job options" : {
        "name" : "test",
        "filename" : "./testfile",
        "rw" : "randrw",
        "filesize" : "1G",
        "bs" : "128k",
        "numjobs" : "1",
        "iodepth" : "1",
        "direct" : "1",
        "runtime" : "10"
      },
      "read" : {
        "io_bytes" : 862978048,
        "io_kbytes" : 842752,
        "bw_bytes" : 86289175,
        "bw" : 84266,
        "iops" : 658.334167,
        "runtime" : 10001,
        "total_ios" : 6584,
        "short_ios" : 0,
        "drop_ios" : 0,
        "slat_ns" : {
          "min" : 0,
          "max" : 0,
          "mean" : 0.000000,
          "stddev" : 0.000000,
          "N" : 0
        },
        "clat_ns" : {
          "min" : 441094,
          "max" : 125442442,
          "mean" : 902949.287971,
          "stddev" : 3348728.621207,
          "N" : 6584,
          "percentile" : {
            "1.000000" : 448512,
            "5.000000" : 501760,
            "10.000000" : 561152,
            "20.000000" : 659456,
            "30.000000" : 733184,
            "40.000000" : 774144,
            "50.000000" : 806912,
            "60.000000" : 847872,
            "70.000000" : 880640,
            "80.000000" : 913408,
            "90.000000" : 970752,
            "95.000000" : 1011712,
            "99.000000" : 1089536,
            "99.500000" : 1122304,
            "99.900000" : 28442624,
            "99.950000" : 112721920,
            "99.990000" : 125304832
          }
        },
        "lat_ns" : {
          "min" : 441240,
          "max" : 125442582,
          "mean" : 903595.694563,
          "stddev" : 3348727.250784,
          "N" : 6584
        },
        "bw_min" : 33469,
        "bw_max" : 104960,
        "bw_agg" : 99.373689,
        "bw_mean" : 83739.526316,
        "bw_dev" : 21490.858241,
        "bw_samples" : 19,
        "iops_min" : 261,
        "iops_max" : 820,
        "iops_mean" : 654.157895,
        "iops_stddev" : 168.022242,
        "iops_samples" : 19
      },
      "write" : {
        "io_bytes" : 866779136,
        "io_kbytes" : 846464,
        "bw_bytes" : 86669246,
        "bw" : 84637,
        "iops" : 661.233877,
        "runtime" : 10001,
        "total_ios" : 6613,
        "short_ios" : 0,
        "drop_ios" : 0,
        "slat_ns" : {
          "min" : 0,
          "max" : 0,
          "mean" : 0.000000,
          "stddev" : 0.000000,
          "N" : 0
        },
        "clat_ns" : {
          "min" : 278207,
          "max" : 181484572,
          "mean" : 577195.726297,
          "stddev" : 3105641.449495,
          "N" : 6613,
          "percentile" : {
            "1.000000" : 284672,
            "5.000000" : 288768,
            "10.000000" : 296960,
            "20.000000" : 321536,
            "30.000000" : 370688,
            "40.000000" : 528384,
            "50.000000" : 569344,
            "60.000000" : 577536,
            "70.000000" : 593920,
            "80.000000" : 610304,
            "90.000000" : 626688,
            "95.000000" : 643072,
            "99.000000" : 675840,
            "99.500000" : 700416,
            "99.900000" : 6914048,
            "99.950000" : 55312384,
            "99.990000" : 181403648
          }
        },
        "lat_ns" : {
          "min" : 285676,
          "max" : 181490909,
          "mean" : 588770.056253,
          "stddev" : 3105639.761684,
          "N" : 6613
        },
        "bw_min" : 37812,
        "bw_max" : 109312,
        "bw_agg" : 99.621995,
        "bw_mean" : 84318.052632,
        "bw_dev" : 21834.427531,
        "bw_samples" : 19,
        "iops_min" : 295,
        "iops_max" : 854,
        "iops_mean" : 658.684211,
        "iops_stddev" : 170.685888,
        "iops_samples" : 19
      },
      "trim" : {
        "io_bytes" : 0,
        "io_kbytes" : 0,
        "bw_bytes" : 0,
        "bw" : 0,
        "iops" : 0.000000,
        "runtime" : 0,
        "total_ios" : 0,
        "short_ios" : 0,
        "drop_ios" : 0,
        "slat_ns" : {
          "min" : 0,
          "max" : 0,
          "mean" : 0.000000,
          "stddev" : 0.000000,
          "N" : 0
        },
        "clat_ns" : {
          "min" : 0,
          "max" : 0,
          "mean" : 0.000000,
          "stddev" : 0.000000,
          "N" : 0
        },
        "lat_ns" : {
          "min" : 0,
          "max" : 0,
          "mean" : 0.000000,
          "stddev" : 0.000000,
          "N" : 0
        },
        "bw_min" : 0,
        "bw_max" : 0,
        "bw_agg" : 0.000000,
        "bw_mean" : 0.000000,
        "bw_dev" : 0.000000,
        "bw_samples" : 0,
        "iops_min" : 0,
        "iops_max" : 0,
        "iops_mean" : 0.000000,
        "iops_stddev" : 0.000000,
        "iops_samples" : 0
      },
      "sync" : {
        "total_ios" : 0,
        "lat_ns" : {
          "min" : 0,
          "max" : 0,
          "mean" : 0.000000,
          "stddev" : 0.000000,
          "N" : 0
        }
      },
      "job_runtime" : 10000,
      "usr_cpu" : 4.040000,
      "sys_cpu" : 14.720000,
      "ctx" : 13201,
      "majf" : 0,
      "minf" : 15,
      "iodepth_level" : {
        "1" : 100.000000,
        "2" : 0.000000,
        "4" : 0.000000,
        "8" : 0.000000,
        "16" : 0.000000,
        "32" : 0.000000,
        ">=64" : 0.000000
      },
      "iodepth_submit" : {
        "0" : 0.000000,
        "4" : 100.000000,
        "8" : 0.000000,
        "16" : 0.000000,
        "32" : 0.000000,
        "64" : 0.000000,
        ">=64" : 0.000000
      },
      "iodepth_complete" : {
        "0" : 0.000000,
        "4" : 100.000000,
        "8" : 0.000000,
        "16" : 0.000000,
        "32" : 0.000000,
        "64" : 0.000000,
        ">=64" : 0.000000
      },
      "latency_ns" : {
        "2" : 0.000000,
        "4" : 0.000000,
        "10" : 0.000000,
        "20" : 0.000000,
        "50" : 0.000000,
        "100" : 0.000000,
        "250" : 0.000000,
        "500" : 0.000000,
        "750" : 0.000000,
        "1000" : 0.000000
      },
      "latency_us" : {
        "2" : 0.000000,
        "4" : 0.000000,
        "10" : 0.000000,
        "20" : 0.000000,
        "50" : 0.000000,
        "100" : 0.000000,
        "250" : 0.000000,
        "500" : 20.648632,
        "750" : 46.154429,
        "1000" : 29.878003
      },
      "latency_ms" : {
        "2" : 3.091612,
        "4" : 0.022732,
        "10" : 0.106085,
        "20" : 0.015155,
        "50" : 0.010000,
        "100" : 0.015155,
        "250" : 0.060620,
        "500" : 0.000000,
        "750" : 0.000000,
        "1000" : 0.000000,
        "2000" : 0.000000,
        ">=2000" : 0.000000
      },
      "latency_depth" : 1,
      "latency_target" : 0,
      "latency_percentile" : 100.000000,
      "latency_window" : 0
    }
  ],
  "disk_util" : [
    {
      "name" : "sda",
      "read_ios" : 6484,
      "write_ios" : 6522,
      "read_sectors" : 1659904,
      "write_sectors" : 1668696,
      "read_merges" : 0,
      "write_merges" : 7,
      "read_ticks" : 5211,
      "write_ticks" : 3149,
      "in_queue" : 8368,
      "util" : 83.340012
    }
  ]
}
