{
  "fio version" : "fio-3.36",
  "timestamp" : 1764722458,
  "timestamp_ms" : 1764722458734,
  "time" : "Wed Dec  3 00:40:58 2025",
  "jobs" : [
    {
      "jobname" : "test",
      "groupid" : 0,
      "job_start" : 1764722448720,
      "error" : 0,
      "eta" : 0,
      "elapsed" : 11,
      "job options" : {
        "name" : "test",
        "filename" : "./testfile",
        "rw" : "randread",
        "filesize" : "1G",
        "bs" : "128k",
        "numjobs" : "1",
        "iodepth" : "1",
        "direct" : "1",
        "runtime" : "10"
      },
      "read" : {
        "io_bytes" : 1814691840,
        "io_kbytes" : 1772160,
        "bw_bytes" : 181451038,
        "bw" : 177198,
        "iops" : 1384.361564,
        "runtime" : 10001,
        "total_ios" : 13845,
        "short_ios" : 0,
        "drop_ios" : 0,
        "slat_ns" : {
          "min" : 0,
          "max" : 0,
          "mean" : 0.000000,
          "stddev" : 0.000000,
          "N" : 0
        },
        "clat_ns" : {
          "min" : 435206,
          "max" : 3459285,
          "mean" : 710629.329866,
          "stddev" : 148186.883432,
          "N" : 13845,
          "percentile" : {
            "1.000000" : 444416,
            "5.000000" : 468992,
            "10.000000" : 497664,
            "20.000000" : 544768,
            "30.000000" : 593920,
            "40.000000" : 692224,
            "50.000000" : 757760,
            "60.000000" : 782336,
            "70.000000" : 815104,
            "80.000000" : 847872,
            "90.000000" : 880640,
            "95.000000" : 897024,
            "99.000000" : 929792,
            "99.500000" : 937984,
            "99.900000" : 962560,
            "99.950000" : 970752,
            "99.990000" : 3424256
          }
        },
        "lat_ns" : {
          "min" : 435346,
          "max" : 3459427,
          "mean" : 711368.802600,
          "stddev" : 148477.745534,
          "N" : 13845
        },
        "bw_min" : 160768,
        "bw_max" : 188416,
        "bw_agg" : 100.000000,
        "bw_mean" : 177219.368421,
        "bw_dev" : 8629.154640,
        "bw_samples" : 19,
        "iops_min" : 1256,
        "iops_max" : 1472,
        "iops_mean" : 1384.526316,
        "iops_stddev" : 67.415271,
        "iops_samples" : 19
      },
      "write" : {
        "io_bytes" : 0,
        "io_kbytes" : 0,
        "bw_bytes" : 0,
        "bw" : 0,
        "iops" : 0.000000,
        "runtime" : 0,
        "total_ios" : 0,
        "short_ios" : 0,
        "drop_ios" : 0,
        "slat_ns" : {
          "min" : 0,
          "max" : 0,
          "mean" : 0.000000,
          "stddev" : 0.000000,
          "N" : 0
        },
        "clat_ns" : {
          "min" : 0,
          "max" : 0,
          "mean" : 0.000000,
          "stddev" : 0.000000,
          "N" : 0
        },
        "lat_ns" : {
          "min" : 0,
          "max" : 0,
          "mean" : 0.000000,
          "stddev" : 0.000000,
          "N" : 0
        },
        "bw_min" : 0,
        "bw_max" : 0,
        "bw_agg" : 0.000000,
        "bw_mean" : 0.000000,
        "bw_dev" : 0.000000,
        "bw_samples" : 0,
        "iops_min" : 0,
        "iops_max" : 0,
        "iops_mean" : 0.000000,
        "iops_stddev" : 0.000000,
        "iops_samples" : 0
      },
      "trim" : {
        "io_bytes" : 0,
        "io_kbytes" : 0,
        "bw_bytes" : 0,
        "bw" : 0,
        "iops" : 0.000000,
        "runtime" : 0,
        "total_ios" : 0,
        "short_ios" : 0,
        "drop_ios" : 0,
        "slat_ns" : {
          "min" : 0,
          "max" : 0,
          "mean" : 0.000000,
          "stddev" : 0.000000,
          "N" : 0
        },
        "clat_ns" : {
          "min" : 0,
          "max" : 0,
          "mean" : 0.000000,
          "stddev" : 0.000000,
          "N" : 0
        },
        "lat_ns" : {
          "min" : 0,
          "max" : 0,
          "mean" : 0.000000,
          "stddev" : 0.000000,
          "N" : 0
        },
        "bw_min" : 0,
        "bw_max" : 0,
        "bw_agg" : 0.000000,
        "bw_mean" : 0.000000,
        "bw_dev" : 0.000000,
        "bw_samples" : 0,
        "iops_min" : 0,
        "iops_max" : 0,
        "iops_mean" : 0.000000,
        "iops_stddev" : 0.000000,
        "iops_samples" : 0
      },
      "sync" : {
        "total_ios" : 0,
        "lat_ns" : {
          "min" : 0,
          "max" : 0,
          "mean" : 0.000000,
          "stddev" : 0.000000,
          "N" : 0
        }
      },
      "job_runtime" : 10000,
      "usr_cpu" : 3.250000,
      "sys_cpu" : 14.590000,
      "ctx" : 13849,
      "majf" : 0,
      "minf" : 41,
      "iodepth_level" : {
        "1" : 100.000000,
        "2" : 0.000000,
        "4" : 0.000000,
        "8" : 0.000000,
        "16" : 0.000000,
        "32" : 0.000000,
        ">=64" : 0.000000
      },
      "iodepth_submit" : {
        "0" : 0.000000,
        "4" : 100.000000,
        "8" : 0.000000,
        "16" : 0.000000,
        "32" : 0.000000,
        "64" : 0.000000,
        ">=64" : 0.000000
      },
      "iodepth_complete" : {
        "0" : 0.000000,
        "4" : 100.000000,
        "8" : 0.000000,
        "16" : 0.000000,
        "32" : 0.000000,
        "64" : 0.000000,
        ">=64" : 0.000000
      },
      "latency_ns" : {
        "2" : 0.000000,
        "4" : 0.000000,
        "10" : 0.000000,
        "20" : 0.000000,
        "50" : 0.000000,
        "100" : 0.000000,
        "250" : 0.000000,
        "500" : 0.000000,
        "750" : 0.000000,
        "1000" : 0.000000
      },
      "latency_us" : {
        "2" : 0.000000,
        "4" : 0.000000,
        "10" : 0.000000,
        "20" : 0.000000,
        "50" : 0.000000,
        "100" : 0.000000,
        "250" : 0.000000,
        "500" : 10.083062,
        "750" : 38.844348,
        "1000" : 51.050921
      },
      "latency_ms" : {
        "2" : 0.010000,
        "4" : 0.014446,
        "10" : 0.000000,
        "20" : 0.000000,
        "50" : 0.000000,
        "100" : 0.000000,
        "250" : 0.000000,
        "500" : 0.000000,
        "750" : 0.000000,
        "1000" : 0.000000,
        "2000" : 0.000000,
        ">=2000" : 0.000000
      },
      "latency_depth" : 1,
      "latency_target" : 0,
      "latency_percentile" : 100.000000,
      "latency_window" : 0
    }
  ],
  "disk_util" : [
    {
      "name" : "sda",
      "read_ios" : 13698,
      "write_ios" : 5,
      "read_sectors" : 3506688,
      "write_sectors" : 104,
      "read_merges" : 0,
      "write_merges" : 8,
      "read_ticks" : 8536,
      "write_ticks" : 3,
      "in_queue" : 8541,
      "util" : 82.149654
    }
  ]
}
